marker,minimum_calls,analysis_role,country,site,time_group,n_calls,mean_year_ce,publication,h_U,h_H,h_T,h_HV,h_J,h_C,h_D,h_W,h_A,h_I,h_R,h_Other,h_F,h_K,h_N,h_G,h_M,p_U,p_H,p_T,p_HV,p_J,p_C,p_D,p_W,p_A,p_I,p_R,p_Other,p_F,p_K,p_N,p_G,p_M,h_Q,h_Basal/unresolved,h_E,h_L,p_Q,p_Basal/unresolved,p_E,p_L
mtDNA,1,archival-scope context,Kazakhstan,SITE0001,B4 900-201 BCE,4,-371.0,STUDY007,0.8660254037844386,0.0,0.0,0.0,0.0,0.0,0.5,0.0,0.0,0.0,0.0,0.0,0.0,0.0,0.0,0.0,0.0,0.75,0.0,0.0,0.0,0.0,0.0,0.25,0.0,0.0,0.0,0.0,0.0,0.0,0.0,0.0,0.0,0.0,,,,,,,,
mtDNA,1,archival-scope context,Kazakhstan,SITE0001,B5 200 BCE-300 CE,1,160.0,STUDY007,0.0,0.0,0.0,0.0,0.0,0.0,0.0,0.0,0.0,0.0,0.0,0.0,0.0,1.0,0.0,0.0,0.0,0.0,0.0,0.0,0.0,0.0,0.0,0.0,0.0,0.0,0.0,0.0,0.0,0.0,1.0,0.0,0.0,0.0,,,,,,,,
mtDNA,1,archival-scope context,Kazakhstan,SITE0002,B3 1800-901 BCE,1,-1734.0,STUDY012,1.0,0.0,0.0,0.0,0.0,0.0,0.0,0.0,0.0,0.0,0.0,0.0,0.0,0.0,0.0,0.0,0.0,1.0,0.0,0.0,0.0,0.0,0.0,0.0,0.0,0.0,0.0,0.0,0.0,0.0,0.0,0.0,0.0,0.0,,,,,,,,
mtDNA,1,archival-scope context,Kazakhstan,SITE0003,B4 900-201 BCE,1,-727.0,STUDY007,0.0,1.0,0.0,0.0,0.0,0.0,0.0,0.0,0.0,0.0,0.0,0.0,0.0,0.0,0.0,0.0,0.0,0.0,1.0,0.0,0.0,0.0,0.0,0.0,0.0,0.0,0.0,0.0,0.0,0.0,0.0,0.0,0.0,0.0,,,,,,,,
mtDNA,1,archival-scope context,Kazakhstan,SITE0004,B4 900-201 BCE,1,-671.0,STUDY009,0.0,0.0,0.0,0.0,0.0,0.0,0.0,0.0,1.0,0.0,0.0,0.0,0.0,0.0,0.0,0.0,0.0,0.0,0.0,0.0,0.0,0.0,0.0,0.0,0.0,1.0,0.0,0.0,0.0,0.0,0.0,0.0,0.0,0.0,,,,,,,,
mtDNA,1,archival-scope context,Kazakhstan,SITE0005,B6 301-650 CE,1,334.0,STUDY004,0.0,0.0,0.0,0.0,0.0,0.0,1.0,0.0,0.0,0.0,0.0,0.0,0.0,0.0,0.0,0.0,0.0,0.0,0.0,0.0,0.0,0.0,0.0,1.0,0.0,0.0,0.0,0.0,0.0,0.0,0.0,0.0,0.0,0.0,,,,,,,,
mtDNA,1,archival-scope context,Kazakhstan,SITE0006,B3 1800-901 BCE,5,-1581.8,STUDY001|STUDY012,0.6324555320336759,0.0,0.4472135954999579,0.0,0.4472135954999579,0.0,0.0,0.0,0.0,0.0,0.0,0.0,0.0,0.0,0.4472135954999579,0.0,0.0,0.4,0.0,0.2,0.0,0.2,0.0,0.0,0.0,0.0,0.0,0.0,0.0,0.0,0.0,0.2,0.0,0.0,,,,,,,,
mtDNA,1,archival-scope context,Kazakhstan,SITE0007,B7 651-1000 CE,1,959.0,STUDY004,0.0,0.0,0.0,0.0,0.0,0.0,0.0,0.0,0.0,0.0,0.0,0.0,1.0,0.0,0.0,0.0,0.0,0.0,0.0,0.0,0.0,0.0,0.0,0.0,0.0,0.0,0.0,0.0,0.0,1.0,0.0,0.0,0.0,0.0,,,,,,,,
mtDNA,1,archival-scope context,Kazakhstan,SITE0008,B6 301-650 CE,1,323.0,STUDY004,0.0,1.0,0.0,0.0,0.0,0.0,0.0,0.0,0.0,0.0,0.0,0.0,0.0,0.0,0.0,0.0,0.0,0.0,1.0,0.0,0.0,0.0,0.0,0.0,0.0,0.0,0.0,0.0,0.0,0.0,0.0,0.0,0.0,0.0,,,,,,,,
mtDNA,1,archival-scope context,Kazakhstan,SITE0009,B4 900-201 BCE,1,-637.0,STUDY007,0.0,0.0,0.0,0.0,0.0,1.0,0.0,0.0,0.0,0.0,0.0,0.0,0.0,0.0,0.0,0.0,0.0,0.0,0.0,0.0,0.0,0.0,1.0,0.0,0.0,0.0,0.0,0.0,0.0,0.0,0.0,0.0,0.0,0.0,,,,,,,,
mtDNA,1,archival-scope context,Kazakhstan,SITE0010,B7 651-1000 CE,1,719.0,STUDY004,0.0,0.0,0.0,0.0,0.0,0.0,0.0,0.0,1.0,0.0,0.0,0.0,0.0,0.0,0.0,0.0,0.0,0.0,0.0,0.0,0.0,0.0,0.0,0.0,0.0,1.0,0.0,0.0,0.0,0.0,0.0,0.0,0.0,0.0,,,,,,,,
mtDNA,1,archival-scope context,Kazakhstan,SITE0011,B4 900-201 BCE,4,-311.75,STUDY007|STUDY015,0.0,0.5,0.0,0.0,0.0,0.5,0.5,0.0,0.5,0.0,0.0,0.0,0.0,0.0,0.0,0.0,0.0,0.0,0.25,0.0,0.0,0.0,0.25,0.25,0.0,0.25,0.0,0.0,0.0,0.0,0.0,0.0,0.0,0.0,,,,,,,,
mtDNA,1,archival-scope context,Kazakhstan,SITE0011,B5 200 BCE-300 CE,8,107.75,STUDY007,0.3535533905932738,0.0,0.0,0.0,0.5,0.3535533905932738,0.3535533905932738,0.0,0.3535533905932738,0.0,0.0,0.5,0.0,0.0,0.0,0.0,0.0,0.125,0.0,0.0,0.0,0.25,0.125,0.125,0.0,0.125,0.0,0.0,0.25,0.0,0.0,0.0,0.0,0.0,,,,,,,,
mtDNA,1,archival-scope context,Kazakhstan,SITE0011,B6 301-650 CE,4,324.75,STUDY007,0.0,0.0,0.0,0.0,0.0,0.0,0.0,0.5,0.7071067811865476,0.0,0.0,0.0,0.5,0.0,0.0,0.0,0.0,0.0,0.0,0.0,0.0,0.0,0.0,0.0,0.25,0.5,0.0,0.0,0.0,0.25,0.0,0.0,0.0,0.0,,,,,,,,
mtDNA,1,archival-scope context,Kazakhstan,SITE0012,B1 3500-2501 BCE,1,-2908.0,STUDY003,0.0,0.0,0.0,0.0,0.0,0.0,0.0,0.0,1.0,0.0,0.0,0.0,0.0,0.0,0.0,0.0,0.0,0.0,0.0,0.0,0.0,0.0,0.0,0.0,0.0,1.0,0.0,0.0,0.0,0.0,0.0,0.0,0.0,0.0,,,,,,,,
mtDNA,1,archival-scope context,Kazakhstan,SITE0012,B4 900-201 BCE,1,-350.0,STUDY004,1.0,0.0,0.0,0.0,0.0,0.0,0.0,0.0,0.0,0.0,0.0,0.0,0.0,0.0,0.0,0.0,0.0,1.0,0.0,0.0,0.0,0.0,0.0,0.0,0.0,0.0,0.0,0.0,0.0,0.0,0.0,0.0,0.0,0.0,,,,,,,,
mtDNA,1,archival-scope context,Kazakhstan,SITE0013,B4 900-201 BCE,2,-290.0,STUDY007,0.0,0.0,0.0,0.0,0.0,0.0,1.0,0.0,0.0,0.0,0.0,0.0,0.0,0.0,0.0,0.0,0.0,0.0,0.0,0.0,0.0,0.0,0.0,1.0,0.0,0.0,0.0,0.0,0.0,0.0,0.0,0.0,0.0,0.0,,,,,,,,
mtDNA,1,archival-scope context,Kazakhstan,SITE0013,B5 200 BCE-300 CE,1,-173.0,STUDY007,0.0,0.0,0.0,0.0,0.0,0.0,0.0,0.0,1.0,0.0,0.0,0.0,0.0,0.0,0.0,0.0,0.0,0.0,0.0,0.0,0.0,0.0,0.0,0.0,0.0,1.0,0.0,0.0,0.0,0.0,0.0,0.0,0.0,0.0,,,,,,,,
mtDNA,1,archival-scope context,Kazakhstan,SITE0014,B4 900-201 BCE,4,-564.0,STUDY004|STUDY007|STUDY009,0.0,0.5,0.0,0.0,0.0,0.0,0.5,0.0,0.0,0.0,0.0,0.5,0.5,0.0,0.0,0.0,0.0,0.0,0.25,0.0,0.0,0.0,0.0,0.25,0.0,0.0,0.0,0.0,0.25,0.25,0.0,0.0,0.0,0.0,,,,,,,,
mtDNA,1,archival-scope context,Kazakhstan,SITE0015,B4 900-201 BCE,3,-447.3333333333333,STUDY007,0.5773502691896257,0.0,0.816496580927726,0.0,0.0,0.0,0.0,0.0,0.0,0.0,0.0,0.0,0.0,0.0,0.0,0.0,0.0,0.3333333333333333,0.0,0.6666666666666666,0.0,0.0,0.0,0.0,0.0,0.0,0.0,0.0,0.0,0.0,0.0,0.0,0.0,0.0,,,,,,,,
mtDNA,1,archival-scope context,Kazakhstan,SITE0016,B4 900-201 BCE,1,-628.0,STUDY004,0.0,0.0,0.0,0.0,0.0,0.0,0.0,0.0,0.0,0.0,0.0,0.0,1.0,0.0,0.0,0.0,0.0,0.0,0.0,0.0,0.0,0.0,0.0,0.0,0.0,0.0,0.0,0.0,0.0,1.0,0.0,0.0,0.0,0.0,,,,,,,,
mtDNA,1,archival-scope context,Kazakhstan,SITE0017,B5 200 BCE-300 CE,1,-50.0,STUDY007,0.0,0.0,0.0,0.0,0.0,0.0,0.0,0.0,0.0,0.0,0.0,0.0,0.0,0.0,1.0,0.0,0.0,0.0,0.0,0.0,0.0,0.0,0.0,0.0,0.0,0.0,0.0,0.0,0.0,0.0,0.0,1.0,0.0,0.0,,,,,,,,
mtDNA,1,archival-scope context,Kazakhstan,SITE0018,B1 3500-2501 BCE,3,-3342.0,STUDY005,0.0,0.0,0.0,0.0,0.0,0.0,0.0,0.0,0.0,0.0,0.5773502691896257,0.5773502691896257,0.0,0.5773502691896257,0.0,0.0,0.0,0.0,0.0,0.0,0.0,0.0,0.0,0.0,0.0,0.0,0.0,0.3333333333333333,0.3333333333333333,0.0,0.3333333333333333,0.0,0.0,0.0,,,,,,,,
mtDNA,1,archival-scope context,Kazakhstan,SITE0019,B6 301-650 CE,1,600.0,STUDY004,0.0,0.0,0.0,0.0,0.0,0.0,0.0,0.0,1.0,0.0,0.0,0.0,0.0,0.0,0.0,0.0,0.0,0.0,0.0,0.0,0.0,0.0,0.0,0.0,0.0,1.0,0.0,0.0,0.0,0.0,0.0,0.0,0.0,0.0,,,,,,,,
mtDNA,1,archival-scope context,Kazakhstan,SITE0019,B7 651-1000 CE,4,939.5,STUDY004,0.0,0.0,0.0,0.0,0.5,0.0,0.0,0.0,0.7071067811865476,0.0,0.0,0.0,0.0,0.0,0.0,0.5,0.0,0.0,0.0,0.0,0.0,0.25,0.0,0.0,0.0,0.5,0.0,0.0,0.0,0.0,0.0,0.0,0.25,0.0,,,,,,,,
mtDNA,1,archival-scope context,Kazakhstan,SITE0019,B8 1001-1500 CE,1,1067.0,STUDY004,0.0,0.0,0.0,0.0,0.0,0.0,0.0,0.0,0.0,0.0,0.0,0.0,1.0,0.0,0.0,0.0,0.0,0.0,0.0,0.0,0.0,0.0,0.0,0.0,0.0,0.0,0.0,0.0,0.0,1.0,0.0,0.0,0.0,0.0,,,,,,,,
mtDNA,1,archival-scope context,Kazakhstan,SITE0020,B3 1800-901 BCE,1,-1482.0,STUDY012,1.0,0.0,0.0,0.0,0.0,0.0,0.0,0.0,0.0,0.0,0.0,0.0,0.0,0.0,0.0,0.0,0.0,1.0,0.0,0.0,0.0,0.0,0.0,0.0,0.0,0.0,0.0,0.0,0.0,0.0,0.0,0.0,0.0,0.0,,,,,,,,
mtDNA,1,archival-scope context,Kazakhstan,SITE0021,B3 1800-901 BCE,1,-1664.0,STUDY012,1.0,0.0,0.0,0.0,0.0,0.0,0.0,0.0,0.0,0.0,0.0,0.0,0.0,0.0,0.0,0.0,0.0,1.0,0.0,0.0,0.0,0.0,0.0,0.0,0.0,0.0,0.0,0.0,0.0,0.0,0.0,0.0,0.0,0.0,,,,,,,,
mtDNA,1,archival-scope context,Kazakhstan,SITE0021,B4 900-201 BCE,1,-604.0,STUDY012,1.0,0.0,0.0,0.0,0.0,0.0,0.0,0.0,0.0,0.0,0.0,0.0,0.0,0.0,0.0,0.0,0.0,1.0,0.0,0.0,0.0,0.0,0.0,0.0,0.0,0.0,0.0,0.0,0.0,0.0,0.0,0.0,0.0,0.0,,,,,,,,
mtDNA,1,archival-scope context,Kazakhstan,SITE0022,B4 900-201 BCE,1,-450.0,STUDY007,0.0,0.0,0.0,0.0,0.0,0.0,0.0,0.0,1.0,0.0,0.0,0.0,0.0,0.0,0.0,0.0,0.0,0.0,0.0,0.0,0.0,0.0,0.0,0.0,0.0,1.0,0.0,0.0,0.0,0.0,0.0,0.0,0.0,0.0,,,,,,,,
mtDNA,1,archival-scope context,Kazakhstan,SITE0023,B1 3500-2501 BCE,1,-2627.0,STUDY012,0.0,0.0,0.0,0.0,0.0,0.0,0.0,0.0,0.0,0.0,1.0,0.0,0.0,0.0,0.0,0.0,0.0,0.0,0.0,0.0,0.0,0.0,0.0,0.0,0.0,0.0,0.0,1.0,0.0,0.0,0.0,0.0,0.0,0.0,,,,,,,,
mtDNA,1,archival-scope context,Kazakhstan,SITE0023,B3 1800-901 BCE,3,-1620.3333333333333,STUDY012,0.5773502691896257,0.0,0.5773502691896257,0.0,0.5773502691896257,0.0,0.0,0.0,0.0,0.0,0.0,0.0,0.0,0.0,0.0,0.0,0.0,0.3333333333333333,0.0,0.3333333333333333,0.0,0.3333333333333333,0.0,0.0,0.0,0.0,0.0,0.0,0.0,0.0,0.0,0.0,0.0,0.0,,,,,,,,
mtDNA,1,archival-scope context,Kazakhstan,SITE0024,B4 900-201 BCE,3,-648.3333333333334,STUDY007,0.0,0.0,0.0,0.0,0.816496580927726,0.0,0.0,0.0,0.5773502691896257,0.0,0.0,0.0,0.0,0.0,0.0,0.0,0.0,0.0,0.0,0.0,0.0,0.6666666666666666,0.0,0.0,0.0,0.3333333333333333,0.0,0.0,0.0,0.0,0.0,0.0,0.0,0.0,,,,,,,,
mtDNA,1,archival-scope context,Kazakhstan,SITE0025,B3 1800-901 BCE,1,-1734.0,STUDY012,0.0,0.0,0.0,0.0,0.0,0.0,0.0,0.0,0.0,0.0,0.0,0.0,0.0,0.0,1.0,0.0,0.0,0.0,0.0,0.0,0.0,0.0,0.0,0.0,0.0,0.0,0.0,0.0,0.0,0.0,0.0,1.0,0.0,0.0,,,,,,,,
mtDNA,1,archival-scope context,Kazakhstan,SITE0025,B5 200 BCE-300 CE,1,227.0,STUDY012,0.0,0.0,0.0,0.0,0.0,0.0,0.0,0.0,1.0,0.0,0.0,0.0,0.0,0.0,0.0,0.0,0.0,0.0,0.0,0.0,0.0,0.0,0.0,0.0,0.0,1.0,0.0,0.0,0.0,0.0,0.0,0.0,0.0,0.0,,,,,,,,
mtDNA,1,archival-scope context,Kazakhstan,SITE0026,B6 301-650 CE,1,354.0,STUDY004,0.0,0.0,0.0,0.0,0.0,0.0,1.0,0.0,0.0,0.0,0.0,0.0,0.0,0.0,0.0,0.0,0.0,0.0,0.0,0.0,0.0,0.0,0.0,1.0,0.0,0.0,0.0,0.0,0.0,0.0,0.0,0.0,0.0,0.0,,,,,,,,
mtDNA,1,archival-scope context,Kazakhstan,SITE0027,B2 2500-1801 BCE,1,-2044.0,STUDY003,1.0,0.0,0.0,0.0,0.0,0.0,0.0,0.0,0.0,0.0,0.0,0.0,0.0,0.0,0.0,0.0,0.0,1.0,0.0,0.0,0.0,0.0,0.0,0.0,0.0,0.0,0.0,0.0,0.0,0.0,0.0,0.0,0.0,0.0,,,,,,,,
mtDNA,1,archival-scope context,Kazakhstan,SITE0028,B2 2500-1801 BCE,1,-2158.0,STUDY005,0.0,0.0,0.0,0.0,0.0,1.0,0.0,0.0,0.0,0.0,0.0,0.0,0.0,0.0,0.0,0.0,0.0,0.0,0.0,0.0,0.0,0.0,1.0,0.0,0.0,0.0,0.0,0.0,0.0,0.0,0.0,0.0,0.0,0.0,,,,,,,,
mtDNA,1,archival-scope context,Kazakhstan,SITE0029,B7 651-1000 CE,1,691.0,STUDY004,0.0,0.0,0.0,0.0,0.0,0.0,0.0,0.0,1.0,0.0,0.0,0.0,0.0,0.0,0.0,0.0,0.0,0.0,0.0,0.0,0.0,0.0,0.0,0.0,0.0,1.0,0.0,0.0,0.0,0.0,0.0,0.0,0.0,0.0,,,,,,,,
mtDNA,1,archival-scope context,Kazakhstan,SITE0030,B3 1800-901 BCE,1,-1300.0,STUDY012,0.0,0.0,0.0,0.0,1.0,0.0,0.0,0.0,0.0,0.0,0.0,0.0,0.0,0.0,0.0,0.0,0.0,0.0,0.0,0.0,0.0,1.0,0.0,0.0,0.0,0.0,0.0,0.0,0.0,0.0,0.0,0.0,0.0,0.0,,,,,,,,
mtDNA,1,archival-scope context,Kazakhstan,SITE0031,B6 301-650 CE,1,442.0,STUDY004,0.0,0.0,0.0,0.0,0.0,1.0,0.0,0.0,0.0,0.0,0.0,0.0,0.0,0.0,0.0,0.0,0.0,0.0,0.0,0.0,0.0,0.0,1.0,0.0,0.0,0.0,0.0,0.0,0.0,0.0,0.0,0.0,0.0,0.0,,,,,,,,
mtDNA,1,archival-scope context,Kazakhstan,SITE0032,B7 651-1000 CE,1,705.0,STUDY004,0.0,0.0,0.0,1.0,0.0,0.0,0.0,0.0,0.0,0.0,0.0,0.0,0.0,0.0,0.0,0.0,0.0,0.0,0.0,0.0,1.0,0.0,0.0,0.0,0.0,0.0,0.0,0.0,0.0,0.0,0.0,0.0,0.0,0.0,,,,,,,,
mtDNA,1,archival-scope context,Kazakhstan,SITE0033,B4 900-201 BCE,1,-653.0,STUDY015,0.0,0.0,0.0,1.0,0.0,0.0,0.0,0.0,0.0,0.0,0.0,0.0,0.0,0.0,0.0,0.0,0.0,0.0,0.0,0.0,1.0,0.0,0.0,0.0,0.0,0.0,0.0,0.0,0.0,0.0,0.0,0.0,0.0,0.0,,,,,,,,
mtDNA,1,archival-scope context,Kazakhstan,SITE0034,B8 1001-1500 CE,1,1258.0,STUDY004,0.0,0.0,0.0,0.0,0.0,0.0,1.0,0.0,0.0,0.0,0.0,0.0,0.0,0.0,0.0,0.0,0.0,0.0,0.0,0.0,0.0,0.0,0.0,1.0,0.0,0.0,0.0,0.0,0.0,0.0,0.0,0.0,0.0,0.0,,,,,,,,
mtDNA,1,archival-scope context,Kazakhstan,SITE0035,B2 2500-1801 BCE,1,-1846.0,STUDY012,0.0,0.0,1.0,0.0,0.0,0.0,0.0,0.0,0.0,0.0,0.0,0.0,0.0,0.0,0.0,0.0,0.0,0.0,0.0,1.0,0.0,0.0,0.0,0.0,0.0,0.0,0.0,0.0,0.0,0.0,0.0,0.0,0.0,0.0,,,,,,,,
mtDNA,1,archival-scope context,Kazakhstan,SITE0035,B3 1800-901 BCE,7,-1681.7142857142858,STUDY012,0.6546536707079771,0.5345224838248488,0.0,0.0,0.3779644730092272,0.0,0.0,0.0,0.0,0.0,0.0,0.3779644730092272,0.0,0.0,0.0,0.0,0.0,0.42857142857142855,0.2857142857142857,0.0,0.0,0.14285714285714285,0.0,0.0,0.0,0.0,0.0,0.0,0.14285714285714285,0.0,0.0,0.0,0.0,0.0,,,,,,,,
mtDNA,1,archival-scope context,Kazakhstan,SITE0036,B2 2500-1801 BCE,1,-2092.0,STUDY012,0.0,0.0,1.0,0.0,0.0,0.0,0.0,0.0,0.0,0.0,0.0,0.0,0.0,0.0,0.0,0.0,0.0,0.0,0.0,1.0,0.0,0.0,0.0,0.0,0.0,0.0,0.0,0.0,0.0,0.0,0.0,0.0,0.0,0.0,,,,,,,,
mtDNA,1,archival-scope context,Kazakhstan,SITE0037,B1 3500-2501 BCE,1,-2940.0,STUDY005,0.0,0.0,0.0,0.0,0.0,0.0,0.0,0.0,0.0,0.0,1.0,0.0,0.0,0.0,0.0,0.0,0.0,0.0,0.0,0.0,0.0,0.0,0.0,0.0,0.0,0.0,0.0,1.0,0.0,0.0,0.0,0.0,0.0,0.0,,,,,,,,
mtDNA,1,archival-scope context,Kazakhstan,SITE0038,B3 1800-901 BCE,3,-1704.3333333333333,STUDY012,0.5773502691896257,0.5773502691896257,0.0,0.0,0.0,0.0,0.0,0.0,0.0,0.0,0.0,0.0,0.0,0.5773502691896257,0.0,0.0,0.0,0.3333333333333333,0.3333333333333333,0.0,0.0,0.0,0.0,0.0,0.0,0.0,0.0,0.0,0.0,0.0,0.3333333333333333,0.0,0.0,0.0,,,,,,,,
mtDNA,1,archival-scope context,Kazakhstan,SITE0039,B7 651-1000 CE,2,770.5,STUDY007,0.0,0.0,0.7071067811865476,0.0,0.0,0.7071067811865476,0.0,0.0,0.0,0.0,0.0,0.0,0.0,0.0,0.0,0.0,0.0,0.0,0.0,0.5,0.0,0.0,0.5,0.0,0.0,0.0,0.0,0.0,0.0,0.0,0.0,0.0,0.0,0.0,,,,,,,,
mtDNA,1,archival-scope context,Kazakhstan,SITE0040,B4 900-201 BCE,1,-600.0,STUDY007,0.0,1.0,0.0,0.0,0.0,0.0,0.0,0.0,0.0,0.0,0.0,0.0,0.0,0.0,0.0,0.0,0.0,0.0,1.0,0.0,0.0,0.0,0.0,0.0,0.0,0.0,0.0,0.0,0.0,0.0,0.0,0.0,0.0,0.0,,,,,,,,
mtDNA,1,archival-scope context,Kazakhstan,SITE0041,B4 900-201 BCE,1,-347.0,STUDY007,0.0,0.0,0.0,0.0,0.0,0.0,0.0,0.0,0.0,0.0,0.0,0.0,0.0,0.0,0.0,1.0,0.0,0.0,0.0,0.0,0.0,0.0,0.0,0.0,0.0,0.0,0.0,0.0,0.0,0.0,0.0,0.0,1.0,0.0,,,,,,,,
mtDNA,1,archival-scope context,Kazakhstan,SITE0042,B4 900-201 BCE,3,-620.0,STUDY007,0.816496580927726,0.5773502691896257,0.0,0.0,0.0,0.0,0.0,0.0,0.0,0.0,0.0,0.0,0.0,0.0,0.0,0.0,0.0,0.6666666666666666,0.3333333333333333,0.0,0.0,0.0,0.0,0.0,0.0,0.0,0.0,0.0,0.0,0.0,0.0,0.0,0.0,0.0,,,,,,,,
mtDNA,1,archival-scope context,Kazakhstan,SITE0043,B4 900-201 BCE,1,-607.0,STUDY007,0.0,0.0,0.0,0.0,0.0,1.0,0.0,0.0,0.0,0.0,0.0,0.0,0.0,0.0,0.0,0.0,0.0,0.0,0.0,0.0,0.0,0.0,1.0,0.0,0.0,0.0,0.0,0.0,0.0,0.0,0.0,0.0,0.0,0.0,,,,,,,,
mtDNA,1,archival-scope context,Kazakhstan,SITE0044,B8 1001-1500 CE,2,1400.0,STUDY004,0.0,0.0,0.0,0.0,0.0,0.0,0.7071067811865476,0.0,0.0,0.7071067811865476,0.0,0.0,0.0,0.0,0.0,0.0,0.0,0.0,0.0,0.0,0.0,0.0,0.0,0.5,0.0,0.0,0.5,0.0,0.0,0.0,0.0,0.0,0.0,0.0,,,,,,,,
mtDNA,1,archival-scope context,Kazakhstan,SITE0045,B4 900-201 BCE,1,-681.0,STUDY004,1.0,0.0,0.0,0.0,0.0,0.0,0.0,0.0,0.0,0.0,0.0,0.0,0.0,0.0,0.0,0.0,0.0,1.0,0.0,0.0,0.0,0.0,0.0,0.0,0.0,0.0,0.0,0.0,0.0,0.0,0.0,0.0,0.0,0.0,,,,,,,,
mtDNA,1,archival-scope context,Kazakhstan,SITE0046,B4 900-201 BCE,1,-613.0,STUDY004,0.0,0.0,0.0,0.0,1.0,0.0,0.0,0.0,0.0,0.0,0.0,0.0,0.0,0.0,0.0,0.0,0.0,0.0,0.0,0.0,0.0,1.0,0.0,0.0,0.0,0.0,0.0,0.0,0.0,0.0,0.0,0.0,0.0,0.0,,,,,,,,
mtDNA,1,archival-scope context,Kazakhstan,SITE0047,B4 900-201 BCE,2,-462.5,STUDY007,0.0,0.0,0.0,0.0,0.0,0.0,0.0,0.7071067811865476,0.0,0.0,0.0,0.0,0.0,0.0,0.0,0.7071067811865476,0.0,0.0,0.0,0.0,0.0,0.0,0.0,0.0,0.5,0.0,0.0,0.0,0.0,0.0,0.0,0.0,0.5,0.0,,,,,,,,
mtDNA,1,archival-scope context,Kazakhstan,SITE0048,B4 900-201 BCE,2,-746.5,STUDY007,0.0,0.0,0.7071067811865476,0.0,0.0,0.0,0.0,0.0,0.0,0.7071067811865476,0.0,0.0,0.0,0.0,0.0,0.0,0.0,0.0,0.0,0.5,0.0,0.0,0.0,0.0,0.0,0.0,0.5,0.0,0.0,0.0,0.0,0.0,0.0,0.0,,,,,,,,
mtDNA,1,archival-scope context,Kazakhstan,SITE0049,B7 651-1000 CE,1,900.0,STUDY007,0.0,0.0,0.0,0.0,0.0,0.0,1.0,0.0,0.0,0.0,0.0,0.0,0.0,0.0,0.0,0.0,0.0,0.0,0.0,0.0,0.0,0.0,0.0,1.0,0.0,0.0,0.0,0.0,0.0,0.0,0.0,0.0,0.0,0.0,,,,,,,,
mtDNA,1,archival-scope context,Kazakhstan,SITE0050,B5 200 BCE-300 CE,1,185.0,STUDY004,0.0,0.0,0.0,0.0,0.0,0.0,0.0,0.0,1.0,0.0,0.0,0.0,0.0,0.0,0.0,0.0,0.0,0.0,0.0,0.0,0.0,0.0,0.0,0.0,0.0,1.0,0.0,0.0,0.0,0.0,0.0,0.0,0.0,0.0,,,,,,,,
mtDNA,1,archival-scope context,Kazakhstan,SITE0051,B4 900-201 BCE,3,-350.0,STUDY007,0.5773502691896257,0.0,0.0,0.0,0.0,0.0,0.0,0.0,0.0,0.816496580927726,0.0,0.0,0.0,0.0,0.0,0.0,0.0,0.3333333333333333,0.0,0.0,0.0,0.0,0.0,0.0,0.0,0.0,0.6666666666666666,0.0,0.0,0.0,0.0,0.0,0.0,0.0,,,,,,,,
mtDNA,1,archival-scope context,Kazakhstan,SITE0052,B3 1800-901 BCE,4,-1567.75,STUDY012,0.7071067811865476,0.5,0.0,0.0,0.5,0.0,0.0,0.0,0.0,0.0,0.0,0.0,0.0,0.0,0.0,0.0,0.0,0.5,0.25,0.0,0.0,0.25,0.0,0.0,0.0,0.0,0.0,0.0,0.0,0.0,0.0,0.0,0.0,0.0,,,,,,,,
mtDNA,1,archival-scope context,Kazakhstan,SITE0053,B5 200 BCE-300 CE,1,51.0,STUDY004,0.0,0.0,0.0,0.0,1.0,0.0,0.0,0.0,0.0,0.0,0.0,0.0,0.0,0.0,0.0,0.0,0.0,0.0,0.0,0.0,0.0,1.0,0.0,0.0,0.0,0.0,0.0,0.0,0.0,0.0,0.0,0.0,0.0,0.0,,,,,,,,
mtDNA,1,archival-scope context,Kazakhstan,SITE0054,B5 200 BCE-300 CE,2,256.0,STUDY004,0.7071067811865476,0.0,0.0,0.0,0.0,0.7071067811865476,0.0,0.0,0.0,0.0,0.0,0.0,0.0,0.0,0.0,0.0,0.0,0.5,0.0,0.0,0.0,0.0,0.5,0.0,0.0,0.0,0.0,0.0,0.0,0.0,0.0,0.0,0.0,0.0,,,,,,,,
mtDNA,1,archival-scope context,Kazakhstan,SITE0054,B6 301-650 CE,1,362.0,STUDY004,0.0,1.0,0.0,0.0,0.0,0.0,0.0,0.0,0.0,0.0,0.0,0.0,0.0,0.0,0.0,0.0,0.0,0.0,1.0,0.0,0.0,0.0,0.0,0.0,0.0,0.0,0.0,0.0,0.0,0.0,0.0,0.0,0.0,0.0,,,,,,,,
mtDNA,1,archival-scope context,Kazakhstan,SITE0055,B6 301-650 CE,1,350.0,STUDY004,0.0,0.0,0.0,0.0,0.0,0.0,1.0,0.0,0.0,0.0,0.0,0.0,0.0,0.0,0.0,0.0,0.0,0.0,0.0,0.0,0.0,0.0,0.0,1.0,0.0,0.0,0.0,0.0,0.0,0.0,0.0,0.0,0.0,0.0,,,,,,,,
mtDNA,1,archival-scope context,Kazakhstan,SITE0056,B5 200 BCE-300 CE,5,280.0,STUDY004|STUDY007,0.4472135954999579,0.0,0.4472135954999579,0.6324555320336759,0.0,0.0,0.0,0.4472135954999579,0.0,0.0,0.0,0.0,0.0,0.0,0.0,0.0,0.0,0.2,0.0,0.2,0.4,0.0,0.0,0.0,0.2,0.0,0.0,0.0,0.0,0.0,0.0,0.0,0.0,0.0,,,,,,,,
mtDNA,1,archival-scope context,Kazakhstan,SITE0056,B6 301-650 CE,2,318.5,STUDY007,0.7071067811865476,0.0,0.0,0.0,0.0,0.0,0.0,0.0,0.0,0.7071067811865476,0.0,0.0,0.0,0.0,0.0,0.0,0.0,0.5,0.0,0.0,0.0,0.0,0.0,0.0,0.0,0.0,0.5,0.0,0.0,0.0,0.0,0.0,0.0,0.0,,,,,,,,
mtDNA,1,archival-scope context,Kazakhstan,SITE0057,B4 900-201 BCE,1,-350.0,STUDY007,1.0,0.0,0.0,0.0,0.0,0.0,0.0,0.0,0.0,0.0,0.0,0.0,0.0,0.0,0.0,0.0,0.0,1.0,0.0,0.0,0.0,0.0,0.0,0.0,0.0,0.0,0.0,0.0,0.0,0.0,0.0,0.0,0.0,0.0,,,,,,,,
mtDNA,1,archival-scope context,Kazakhstan,SITE0058,B1 3500-2501 BCE,10,-2984.0,STUDY011|STUDY012,0.6324555320336759,0.4472135954999579,0.0,0.0,0.0,0.5477225575051661,0.0,0.31622776601683794,0.0,0.0,0.0,0.0,0.0,0.0,0.0,0.0,0.0,0.4,0.2,0.0,0.0,0.0,0.3,0.0,0.1,0.0,0.0,0.0,0.0,0.0,0.0,0.0,0.0,0.0,,,,,,,,
mtDNA,1,archival-scope context,Kazakhstan,SITE0059,B6 301-650 CE,1,398.0,STUDY007,0.0,0.0,0.0,0.0,0.0,0.0,1.0,0.0,0.0,0.0,0.0,0.0,0.0,0.0,0.0,0.0,0.0,0.0,0.0,0.0,0.0,0.0,0.0,1.0,0.0,0.0,0.0,0.0,0.0,0.0,0.0,0.0,0.0,0.0,,,,,,,,
mtDNA,1,archival-scope context,Kazakhstan,SITE0060,B4 900-201 BCE,1,-587.0,STUDY007,0.0,1.0,0.0,0.0,0.0,0.0,0.0,0.0,0.0,0.0,0.0,0.0,0.0,0.0,0.0,0.0,0.0,0.0,1.0,0.0,0.0,0.0,0.0,0.0,0.0,0.0,0.0,0.0,0.0,0.0,0.0,0.0,0.0,0.0,,,,,,,,
mtDNA,1,archival-scope context,Kazakhstan,SITE0061,B3 1800-901 BCE,1,-1368.0,STUDY007,0.0,1.0,0.0,0.0,0.0,0.0,0.0,0.0,0.0,0.0,0.0,0.0,0.0,0.0,0.0,0.0,0.0,0.0,1.0,0.0,0.0,0.0,0.0,0.0,0.0,0.0,0.0,0.0,0.0,0.0,0.0,0.0,0.0,0.0,,,,,,,,
mtDNA,1,archival-scope context,Kazakhstan,SITE0061,B4 900-201 BCE,2,-637.5,STUDY007,0.0,0.0,0.0,0.0,0.0,0.0,0.0,0.0,0.0,1.0,0.0,0.0,0.0,0.0,0.0,0.0,0.0,0.0,0.0,0.0,0.0,0.0,0.0,0.0,0.0,0.0,1.0,0.0,0.0,0.0,0.0,0.0,0.0,0.0,,,,,,,,
mtDNA,1,archival-scope context,Kazakhstan,SITE0062,B3 1800-901 BCE,2,-1615.0,STUDY001|STUDY012,0.7071067811865476,0.0,0.0,0.0,0.0,0.0,0.0,0.0,0.0,0.0,0.0,0.0,0.0,0.0,0.0,0.7071067811865476,0.0,0.5,0.0,0.0,0.0,0.0,0.0,0.0,0.0,0.0,0.0,0.0,0.0,0.0,0.0,0.0,0.5,0.0,,,,,,,,
mtDNA,1,archival-scope context,Kazakhstan,SITE0063,B4 900-201 BCE,1,-383.0,STUDY004,0.0,0.0,0.0,0.0,0.0,0.0,0.0,1.0,0.0,0.0,0.0,0.0,0.0,0.0,0.0,0.0,0.0,0.0,0.0,0.0,0.0,0.0,0.0,0.0,1.0,0.0,0.0,0.0,0.0,0.0,0.0,0.0,0.0,0.0,,,,,,,,
mtDNA,1,archival-scope context,Kazakhstan,SITE0064,B4 900-201 BCE,2,-595.5,STUDY007,0.0,0.0,0.0,0.7071067811865476,0.0,0.0,0.7071067811865476,0.0,0.0,0.0,0.0,0.0,0.0,0.0,0.0,0.0,0.0,0.0,0.0,0.0,0.5,0.0,0.0,0.5,0.0,0.0,0.0,0.0,0.0,0.0,0.0,0.0,0.0,0.0,,,,,,,,
mtDNA,1,archival-scope context,Kazakhstan,SITE0065,B3 1800-901 BCE,2,-1715.0,STUDY012,0.0,0.7071067811865476,0.7071067811865476,0.0,0.0,0.0,0.0,0.0,0.0,0.0,0.0,0.0,0.0,0.0,0.0,0.0,0.0,0.0,0.5,0.5,0.0,0.0,0.0,0.0,0.0,0.0,0.0,0.0,0.0,0.0,0.0,0.0,0.0,0.0,,,,,,,,
mtDNA,1,archival-scope context,Kazakhstan,SITE0066,B8 1001-1500 CE,1,1110.0,STUDY004,0.0,0.0,0.0,0.0,0.0,0.0,0.0,0.0,0.0,0.0,0.0,0.0,1.0,0.0,0.0,0.0,0.0,0.0,0.0,0.0,0.0,0.0,0.0,0.0,0.0,0.0,0.0,0.0,0.0,1.0,0.0,0.0,0.0,0.0,,,,,,,,
mtDNA,1,archival-scope context,Kazakhstan,SITE0067,B2 2500-1801 BCE,1,-1811.0,STUDY012,0.0,0.0,1.0,0.0,0.0,0.0,0.0,0.0,0.0,0.0,0.0,0.0,0.0,0.0,0.0,0.0,0.0,0.0,0.0,1.0,0.0,0.0,0.0,0.0,0.0,0.0,0.0,0.0,0.0,0.0,0.0,0.0,0.0,0.0,,,,,,,,
mtDNA,1,archival-scope context,Kazakhstan,SITE0067,B3 1800-901 BCE,8,-1738.5,STUDY012,0.3535533905932738,0.0,0.8660254037844386,0.3535533905932738,0.0,0.0,0.0,0.0,0.0,0.0,0.0,0.0,0.0,0.0,0.0,0.0,0.0,0.125,0.0,0.75,0.125,0.0,0.0,0.0,0.0,0.0,0.0,0.0,0.0,0.0,0.0,0.0,0.0,0.0,,,,,,,,
mtDNA,1,archival-scope context,Kazakhstan,SITE0068,B3 1800-901 BCE,1,-1284.0,STUDY012,1.0,0.0,0.0,0.0,0.0,0.0,0.0,0.0,0.0,0.0,0.0,0.0,0.0,0.0,0.0,0.0,0.0,1.0,0.0,0.0,0.0,0.0,0.0,0.0,0.0,0.0,0.0,0.0,0.0,0.0,0.0,0.0,0.0,0.0,,,,,,,,
mtDNA,1,archival-scope context,Kazakhstan,SITE0069,B4 900-201 BCE,1,-550.0,STUDY007,0.0,0.0,0.0,0.0,0.0,1.0,0.0,0.0,0.0,0.0,0.0,0.0,0.0,0.0,0.0,0.0,0.0,0.0,0.0,0.0,0.0,0.0,1.0,0.0,0.0,0.0,0.0,0.0,0.0,0.0,0.0,0.0,0.0,0.0,,,,,,,,
mtDNA,1,archival-scope context,Kazakhstan,SITE0070,B1 3500-2501 BCE,1,-3071.0,STUDY012,1.0,0.0,0.0,0.0,0.0,0.0,0.0,0.0,0.0,0.0,0.0,0.0,0.0,0.0,0.0,0.0,0.0,1.0,0.0,0.0,0.0,0.0,0.0,0.0,0.0,0.0,0.0,0.0,0.0,0.0,0.0,0.0,0.0,0.0,,,,,,,,
mtDNA,1,archival-scope context,Kazakhstan,SITE0070,B2 2500-1801 BCE,2,-2237.0,STUDY012,0.7071067811865476,0.0,0.0,0.0,0.0,0.0,0.0,0.0,0.0,0.7071067811865476,0.0,0.0,0.0,0.0,0.0,0.0,0.0,0.5,0.0,0.0,0.0,0.0,0.0,0.0,0.0,0.0,0.5,0.0,0.0,0.0,0.0,0.0,0.0,0.0,,,,,,,,
mtDNA,1,archival-scope context,Kazakhstan,SITE0071,B3 1800-901 BCE,1,-1489.0,STUDY004,1.0,0.0,0.0,0.0,0.0,0.0,0.0,0.0,0.0,0.0,0.0,0.0,0.0,0.0,0.0,0.0,0.0,1.0,0.0,0.0,0.0,0.0,0.0,0.0,0.0,0.0,0.0,0.0,0.0,0.0,0.0,0.0,0.0,0.0,,,,,,,,
mtDNA,1,archival-scope context,Kazakhstan,SITE0073,B5 200 BCE-300 CE,1,2.0,STUDY004,1.0,0.0,0.0,0.0,0.0,0.0,0.0,0.0,0.0,0.0,0.0,0.0,0.0,0.0,0.0,0.0,0.0,1.0,0.0,0.0,0.0,0.0,0.0,0.0,0.0,0.0,0.0,0.0,0.0,0.0,0.0,0.0,0.0,0.0,,,,,,,,
mtDNA,1,archival-scope context,Kazakhstan,SITE0074,B4 900-201 BCE,1,-603.0,STUDY004,1.0,0.0,0.0,0.0,0.0,0.0,0.0,0.0,0.0,0.0,0.0,0.0,0.0,0.0,0.0,0.0,0.0,1.0,0.0,0.0,0.0,0.0,0.0,0.0,0.0,0.0,0.0,0.0,0.0,0.0,0.0,0.0,0.0,0.0,,,,,,,,
mtDNA,1,archival-scope context,Kazakhstan,SITE0075,B8 1001-1500 CE,1,1100.0,STUDY004,0.0,0.0,0.0,0.0,0.0,0.0,1.0,0.0,0.0,0.0,0.0,0.0,0.0,0.0,0.0,0.0,0.0,0.0,0.0,0.0,0.0,0.0,0.0,1.0,0.0,0.0,0.0,0.0,0.0,0.0,0.0,0.0,0.0,0.0,,,,,,,,
mtDNA,1,archival-scope context,Kazakhstan,SITE0076,B4 900-201 BCE,2,-473.0,STUDY007|STUDY009,0.7071067811865476,0.7071067811865476,0.0,0.0,0.0,0.0,0.0,0.0,0.0,0.0,0.0,0.0,0.0,0.0,0.0,0.0,0.0,0.5,0.5,0.0,0.0,0.0,0.0,0.0,0.0,0.0,0.0,0.0,0.0,0.0,0.0,0.0,0.0,0.0,,,,,,,,
mtDNA,1,archival-scope context,Kazakhstan,SITE0077,B4 900-201 BCE,1,-271.0,STUDY004,0.0,0.0,0.0,0.0,0.0,0.0,0.0,0.0,0.0,0.0,0.0,0.0,0.0,0.0,0.0,1.0,0.0,0.0,0.0,0.0,0.0,0.0,0.0,0.0,0.0,0.0,0.0,0.0,0.0,0.0,0.0,0.0,1.0,0.0,,,,,,,,
mtDNA,1,archival-scope context,Kazakhstan,SITE0078,B3 1800-901 BCE,7,-1569.142857142857,STUDY012,0.6546536707079771,0.0,0.3779644730092272,0.0,0.3779644730092272,0.0,0.0,0.3779644730092272,0.0,0.0,0.3779644730092272,0.0,0.0,0.0,0.0,0.0,0.0,0.42857142857142855,0.0,0.14285714285714285,0.0,0.14285714285714285,0.0,0.0,0.14285714285714285,0.0,0.0,0.14285714285714285,0.0,0.0,0.0,0.0,0.0,0.0,,,,,,,,
mtDNA,1,archival-scope context,Kazakhstan,SITE0079,B4 900-201 BCE,1,-400.0,STUDY007,0.0,0.0,0.0,0.0,0.0,0.0,0.0,0.0,0.0,0.0,0.0,1.0,0.0,0.0,0.0,0.0,0.0,0.0,0.0,0.0,0.0,0.0,0.0,0.0,0.0,0.0,0.0,0.0,1.0,0.0,0.0,0.0,0.0,0.0,,,,,,,,
mtDNA,1,archival-scope context,Kazakhstan,SITE0080,B3 1800-901 BCE,1,-1765.0,STUDY012,0.0,0.0,1.0,0.0,0.0,0.0,0.0,0.0,0.0,0.0,0.0,0.0,0.0,0.0,0.0,0.0,0.0,0.0,0.0,1.0,0.0,0.0,0.0,0.0,0.0,0.0,0.0,0.0,0.0,0.0,0.0,0.0,0.0,0.0,,,,,,,,
mtDNA,1,archival-scope context,Kazakhstan,SITE0081,B4 900-201 BCE,2,-338.0,STUDY007,0.0,0.0,0.0,0.0,0.0,0.0,0.0,0.0,0.7071067811865476,0.0,0.0,0.0,0.0,0.7071067811865476,0.0,0.0,0.0,0.0,0.0,0.0,0.0,0.0,0.0,0.0,0.0,0.5,0.0,0.0,0.0,0.0,0.5,0.0,0.0,0.0,,,,,,,,
mtDNA,1,archival-scope context,Kazakhstan,SITE0082,B4 900-201 BCE,1,-650.0,STUDY007,0.0,0.0,0.0,0.0,0.0,0.0,1.0,0.0,0.0,0.0,0.0,0.0,0.0,0.0,0.0,0.0,0.0,0.0,0.0,0.0,0.0,0.0,0.0,1.0,0.0,0.0,0.0,0.0,0.0,0.0,0.0,0.0,0.0,0.0,,,,,,,,
mtDNA,1,archival-scope context,Kazakhstan,SITE0083,B4 900-201 BCE,1,-274.0,STUDY004,0.0,0.0,0.0,0.0,0.0,1.0,0.0,0.0,0.0,0.0,0.0,0.0,0.0,0.0,0.0,0.0,0.0,0.0,0.0,0.0,0.0,0.0,1.0,0.0,0.0,0.0,0.0,0.0,0.0,0.0,0.0,0.0,0.0,0.0,,,,,,,,
mtDNA,1,archival-scope context,Kazakhstan,SITE0084,B4 900-201 BCE,1,-599.0,STUDY004,1.0,0.0,0.0,0.0,0.0,0.0,0.0,0.0,0.0,0.0,0.0,0.0,0.0,0.0,0.0,0.0,0.0,1.0,0.0,0.0,0.0,0.0,0.0,0.0,0.0,0.0,0.0,0.0,0.0,0.0,0.0,0.0,0.0,0.0,,,,,,,,
mtDNA,1,archival-scope context,Kazakhstan,SITE0085,B3 1800-901 BCE,3,-1381.0,STUDY012,0.816496580927726,0.5773502691896257,0.0,0.0,0.0,0.0,0.0,0.0,0.0,0.0,0.0,0.0,0.0,0.0,0.0,0.0,0.0,0.6666666666666666,0.3333333333333333,0.0,0.0,0.0,0.0,0.0,0.0,0.0,0.0,0.0,0.0,0.0,0.0,0.0,0.0,0.0,,,,,,,,
mtDNA,1,archival-scope context,Kazakhstan,SITE0086,B4 900-201 BCE,1,-600.0,STUDY004,0.0,0.0,0.0,0.0,0.0,1.0,0.0,0.0,0.0,0.0,0.0,0.0,0.0,0.0,0.0,0.0,0.0,0.0,0.0,0.0,0.0,0.0,1.0,0.0,0.0,0.0,0.0,0.0,0.0,0.0,0.0,0.0,0.0,0.0,,,,,,,,
mtDNA,1,archival-scope context,Kazakhstan,SITE0087,B7 651-1000 CE,1,793.0,STUDY003,0.0,0.0,0.0,0.0,0.0,0.0,1.0,0.0,0.0,0.0,0.0,0.0,0.0,0.0,0.0,0.0,0.0,0.0,0.0,0.0,0.0,0.0,0.0,1.0,0.0,0.0,0.0,0.0,0.0,0.0,0.0,0.0,0.0,0.0,,,,,,,,
mtDNA,1,archival-scope context,Kazakhstan,SITE0088,B2 2500-1801 BCE,1,-2235.0,STUDY003,1.0,0.0,0.0,0.0,0.0,0.0,0.0,0.0,0.0,0.0,0.0,0.0,0.0,0.0,0.0,0.0,0.0,1.0,0.0,0.0,0.0,0.0,0.0,0.0,0.0,0.0,0.0,0.0,0.0,0.0,0.0,0.0,0.0,0.0,,,,,,,,
mtDNA,1,archival-scope context,Kazakhstan,SITE0088,B4 900-201 BCE,1,-354.0,STUDY003,0.0,0.0,0.0,0.0,1.0,0.0,0.0,0.0,0.0,0.0,0.0,0.0,0.0,0.0,0.0,0.0,0.0,0.0,0.0,0.0,0.0,1.0,0.0,0.0,0.0,0.0,0.0,0.0,0.0,0.0,0.0,0.0,0.0,0.0,,,,,,,,
mtDNA,1,archival-scope context,Kazakhstan,SITE0089,B2 2500-1801 BCE,1,-2088.0,STUDY003,0.0,0.0,0.0,0.0,0.0,1.0,0.0,0.0,0.0,0.0,0.0,0.0,0.0,0.0,0.0,0.0,0.0,0.0,0.0,0.0,0.0,0.0,1.0,0.0,0.0,0.0,0.0,0.0,0.0,0.0,0.0,0.0,0.0,0.0,,,,,,,,
mtDNA,1,archival-scope context,Kazakhstan,SITE0090,B1 3500-2501 BCE,1,-2530.0,STUDY005,0.0,0.0,0.0,0.0,0.0,1.0,0.0,0.0,0.0,0.0,0.0,0.0,0.0,0.0,0.0,0.0,0.0,0.0,0.0,0.0,0.0,0.0,1.0,0.0,0.0,0.0,0.0,0.0,0.0,0.0,0.0,0.0,0.0,0.0,,,,,,,,
mtDNA,1,archival-scope context,Kazakhstan,SITE0091,B3 1800-901 BCE,1,-1612.0,STUDY012,0.0,0.0,0.0,0.0,0.0,0.0,0.0,0.0,0.0,0.0,1.0,0.0,0.0,0.0,0.0,0.0,0.0,0.0,0.0,0.0,0.0,0.0,0.0,0.0,0.0,0.0,0.0,1.0,0.0,0.0,0.0,0.0,0.0,0.0,,,,,,,,
mtDNA,1,archival-scope context,Kazakhstan,SITE0092,B7 651-1000 CE,2,887.0,STUDY004,0.0,0.0,0.0,0.0,0.0,0.0,0.7071067811865476,0.0,0.0,0.0,0.0,0.7071067811865476,0.0,0.0,0.0,0.0,0.0,0.0,0.0,0.0,0.0,0.0,0.0,0.5,0.0,0.0,0.0,0.0,0.5,0.0,0.0,0.0,0.0,0.0,,,,,,,,
mtDNA,1,archival-scope context,Kazakhstan,SITE0093,B3 1800-901 BCE,1,-1200.0,STUDY012,0.0,0.0,1.0,0.0,0.0,0.0,0.0,0.0,0.0,0.0,0.0,0.0,0.0,0.0,0.0,0.0,0.0,0.0,0.0,1.0,0.0,0.0,0.0,0.0,0.0,0.0,0.0,0.0,0.0,0.0,0.0,0.0,0.0,0.0,,,,,,,,
mtDNA,1,archival-scope context,Kazakhstan,SITE0094,B4 900-201 BCE,4,-627.75,STUDY004|STUDY007|STUDY009,0.7071067811865476,0.5,0.0,0.0,0.0,0.0,0.0,0.0,0.5,0.0,0.0,0.0,0.0,0.0,0.0,0.0,0.0,0.5,0.25,0.0,0.0,0.0,0.0,0.0,0.0,0.25,0.0,0.0,0.0,0.0,0.0,0.0,0.0,0.0,,,,,,,,
mtDNA,1,archival-scope context,Kazakhstan,SITE0095,B3 1800-901 BCE,2,-1383.0,STUDY012,0.0,0.7071067811865476,0.0,0.0,0.0,0.7071067811865476,0.0,0.0,0.0,0.0,0.0,0.0,0.0,0.0,0.0,0.0,0.0,0.0,0.5,0.0,0.0,0.0,0.5,0.0,0.0,0.0,0.0,0.0,0.0,0.0,0.0,0.0,0.0,0.0,,,,,,,,
mtDNA,1,archival-scope context,Kazakhstan,SITE0096,B2 2500-1801 BCE,1,-1974.0,STUDY002,0.0,0.0,0.0,0.0,0.0,0.0,0.0,0.0,0.0,0.0,0.0,0.0,0.0,0.0,1.0,0.0,0.0,0.0,0.0,0.0,0.0,0.0,0.0,0.0,0.0,0.0,0.0,0.0,0.0,0.0,0.0,1.0,0.0,0.0,,,,,,,,
mtDNA,1,archival-scope context,Kazakhstan,SITE0097,B3 1800-901 BCE,1,-1044.0,STUDY012,0.0,1.0,0.0,0.0,0.0,0.0,0.0,0.0,0.0,0.0,0.0,0.0,0.0,0.0,0.0,0.0,0.0,0.0,1.0,0.0,0.0,0.0,0.0,0.0,0.0,0.0,0.0,0.0,0.0,0.0,0.0,0.0,0.0,0.0,,,,,,,,
mtDNA,1,archival-scope context,Kazakhstan,SITE0097,B4 900-201 BCE,1,-866.0,STUDY012,0.0,0.0,0.0,0.0,0.0,0.0,1.0,0.0,0.0,0.0,0.0,0.0,0.0,0.0,0.0,0.0,0.0,0.0,0.0,0.0,0.0,0.0,0.0,1.0,0.0,0.0,0.0,0.0,0.0,0.0,0.0,0.0,0.0,0.0,,,,,,,,
mtDNA,1,archival-scope context,Kazakhstan,SITE0098,B4 900-201 BCE,1,-526.0,STUDY001,1.0,0.0,0.0,0.0,0.0,0.0,0.0,0.0,0.0,0.0,0.0,0.0,0.0,0.0,0.0,0.0,0.0,1.0,0.0,0.0,0.0,0.0,0.0,0.0,0.0,0.0,0.0,0.0,0.0,0.0,0.0,0.0,0.0,0.0,,,,,,,,
mtDNA,1,archival-scope context,Kazakhstan,SITE0099,B4 900-201 BCE,2,-306.0,STUDY004,0.0,0.0,0.0,0.7071067811865476,0.7071067811865476,0.0,0.0,0.0,0.0,0.0,0.0,0.0,0.0,0.0,0.0,0.0,0.0,0.0,0.0,0.0,0.5,0.5,0.0,0.0,0.0,0.0,0.0,0.0,0.0,0.0,0.0,0.0,0.0,0.0,,,,,,,,
mtDNA,1,archival-scope context,Kazakhstan,SITE0099,B5 200 BCE-300 CE,2,-159.5,STUDY004,0.7071067811865476,0.0,0.0,0.0,0.0,0.7071067811865476,0.0,0.0,0.0,0.0,0.0,0.0,0.0,0.0,0.0,0.0,0.0,0.5,0.0,0.0,0.0,0.0,0.5,0.0,0.0,0.0,0.0,0.0,0.0,0.0,0.0,0.0,0.0,0.0,,,,,,,,
mtDNA,1,archival-scope context,Kazakhstan,SITE0100,B2 2500-1801 BCE,1,-2018.0,STUDY012,0.0,0.0,1.0,0.0,0.0,0.0,0.0,0.0,0.0,0.0,0.0,0.0,0.0,0.0,0.0,0.0,0.0,0.0,0.0,1.0,0.0,0.0,0.0,0.0,0.0,0.0,0.0,0.0,0.0,0.0,0.0,0.0,0.0,0.0,,,,,,,,
mtDNA,1,archival-scope context,Kazakhstan,SITE0100,B3 1800-901 BCE,7,-1123.5714285714287,STUDY012,0.6546536707079771,0.0,0.0,0.0,0.0,0.0,0.0,0.3779644730092272,0.3779644730092272,0.3779644730092272,0.0,0.0,0.0,0.3779644730092272,0.0,0.0,0.0,0.42857142857142855,0.0,0.0,0.0,0.0,0.0,0.0,0.14285714285714285,0.14285714285714285,0.14285714285714285,0.0,0.0,0.0,0.14285714285714285,0.0,0.0,0.0,,,,,,,,
mtDNA,1,archival-scope context,Kazakhstan,SITE0100,B4 900-201 BCE,1,-750.0,STUDY015,0.0,0.0,0.0,0.0,0.0,1.0,0.0,0.0,0.0,0.0,0.0,0.0,0.0,0.0,0.0,0.0,0.0,0.0,0.0,0.0,0.0,0.0,1.0,0.0,0.0,0.0,0.0,0.0,0.0,0.0,0.0,0.0,0.0,0.0,,,,,,,,
mtDNA,1,archival-scope context,Kyrgyzstan,SITE0101,B4 900-201 BCE,2,-476.5,STUDY007,0.7071067811865476,0.0,0.0,0.0,0.0,0.0,0.7071067811865476,0.0,0.0,0.0,0.0,0.0,0.0,0.0,0.0,0.0,0.0,0.5,0.0,0.0,0.0,0.0,0.0,0.5,0.0,0.0,0.0,0.0,0.0,0.0,0.0,0.0,0.0,0.0,,,,,,,,
mtDNA,1,archival-scope context,Kyrgyzstan,SITE0101,B5 200 BCE-300 CE,3,250.0,STUDY007,0.5773502691896257,0.0,0.0,0.0,0.0,0.0,0.5773502691896257,0.0,0.0,0.0,0.0,0.0,0.5773502691896257,0.0,0.0,0.0,0.0,0.3333333333333333,0.0,0.0,0.0,0.0,0.0,0.3333333333333333,0.0,0.0,0.0,0.0,0.0,0.3333333333333333,0.0,0.0,0.0,0.0,,,,,,,,
mtDNA,1,archival-scope context,Kyrgyzstan,SITE0101,B6 301-650 CE,2,338.0,STUDY007,0.7071067811865476,0.7071067811865476,0.0,0.0,0.0,0.0,0.0,0.0,0.0,0.0,0.0,0.0,0.0,0.0,0.0,0.0,0.0,0.5,0.5,0.0,0.0,0.0,0.0,0.0,0.0,0.0,0.0,0.0,0.0,0.0,0.0,0.0,0.0,0.0,,,,,,,,
mtDNA,1,archival-scope context,Kyrgyzstan,SITE0102,B2 2500-1801 BCE,2,-2061.0,STUDY012,0.0,0.0,0.0,0.7071067811865476,0.0,0.0,0.0,0.0,0.0,0.0,0.7071067811865476,0.0,0.0,0.0,0.0,0.0,0.0,0.0,0.0,0.0,0.5,0.0,0.0,0.0,0.0,0.0,0.0,0.5,0.0,0.0,0.0,0.0,0.0,0.0,,,,,,,,
mtDNA,1,archival-scope context,Kyrgyzstan,SITE0105,B4 900-201 BCE,2,-497.5,STUDY007,0.7071067811865476,0.7071067811865476,0.0,0.0,0.0,0.0,0.0,0.0,0.0,0.0,0.0,0.0,0.0,0.0,0.0,0.0,0.0,0.5,0.5,0.0,0.0,0.0,0.0,0.0,0.0,0.0,0.0,0.0,0.0,0.0,0.0,0.0,0.0,0.0,,,,,,,,
mtDNA,1,archival-scope context,Kyrgyzstan,SITE0105,B5 200 BCE-300 CE,1,-100.0,STUDY007,1.0,0.0,0.0,0.0,0.0,0.0,0.0,0.0,0.0,0.0,0.0,0.0,0.0,0.0,0.0,0.0,0.0,1.0,0.0,0.0,0.0,0.0,0.0,0.0,0.0,0.0,0.0,0.0,0.0,0.0,0.0,0.0,0.0,0.0,,,,,,,,
mtDNA,1,archival-scope context,Kyrgyzstan,SITE0105,B7 651-1000 CE,1,821.0,STUDY007,0.0,0.0,0.0,0.0,0.0,0.0,0.0,0.0,0.0,0.0,0.0,0.0,1.0,0.0,0.0,0.0,0.0,0.0,0.0,0.0,0.0,0.0,0.0,0.0,0.0,0.0,0.0,0.0,0.0,1.0,0.0,0.0,0.0,0.0,,,,,,,,
mtDNA,1,archival-scope context,Kyrgyzstan,SITE0106,B5 200 BCE-300 CE,2,232.5,STUDY004,0.0,0.0,0.0,0.0,0.0,0.0,0.0,0.0,0.7071067811865476,0.0,0.0,0.0,0.0,0.7071067811865476,0.0,0.0,0.0,0.0,0.0,0.0,0.0,0.0,0.0,0.0,0.0,0.5,0.0,0.0,0.0,0.0,0.5,0.0,0.0,0.0,,,,,,,,
mtDNA,1,archival-scope context,Kyrgyzstan,SITE0107,B5 200 BCE-300 CE,3,186.33333333333334,STUDY004,0.0,0.0,0.0,0.0,0.5773502691896257,0.0,0.0,0.0,0.0,0.0,0.0,0.0,0.816496580927726,0.0,0.0,0.0,0.0,0.0,0.0,0.0,0.0,0.3333333333333333,0.0,0.0,0.0,0.0,0.0,0.0,0.0,0.6666666666666666,0.0,0.0,0.0,0.0,,,,,,,,
mtDNA,1,archival-scope context,Kyrgyzstan,SITE0107,B6 301-650 CE,2,338.5,STUDY004,0.0,0.0,0.0,0.0,0.0,0.7071067811865476,0.7071067811865476,0.0,0.0,0.0,0.0,0.0,0.0,0.0,0.0,0.0,0.0,0.0,0.0,0.0,0.0,0.0,0.5,0.5,0.0,0.0,0.0,0.0,0.0,0.0,0.0,0.0,0.0,0.0,,,,,,,,
mtDNA,1,archival-scope context,Kyrgyzstan,SITE0108,B8 1001-1500 CE,3,1323.0,STUDY014,0.0,0.0,0.5773502691896257,0.5773502691896257,0.0,0.0,0.0,0.0,0.0,0.0,0.0,0.5773502691896257,0.0,0.0,0.0,0.0,0.0,0.0,0.0,0.3333333333333333,0.3333333333333333,0.0,0.0,0.0,0.0,0.0,0.0,0.0,0.3333333333333333,0.0,0.0,0.0,0.0,0.0,,,,,,,,
mtDNA,1,archival-scope context,Kyrgyzstan,SITE0109,B4 900-201 BCE,1,-252.0,STUDY007,0.0,0.0,0.0,0.0,0.0,0.0,0.0,0.0,1.0,0.0,0.0,0.0,0.0,0.0,0.0,0.0,0.0,0.0,0.0,0.0,0.0,0.0,0.0,0.0,0.0,1.0,0.0,0.0,0.0,0.0,0.0,0.0,0.0,0.0,,,,,,,,
mtDNA,1,archival-scope context,Kyrgyzstan,SITE0110,B4 900-201 BCE,1,-201.0,STUDY007,0.0,0.0,0.0,0.0,0.0,0.0,0.0,0.0,0.0,0.0,0.0,0.0,0.0,0.0,0.0,1.0,0.0,0.0,0.0,0.0,0.0,0.0,0.0,0.0,0.0,0.0,0.0,0.0,0.0,0.0,0.0,0.0,1.0,0.0,,,,,,,,
mtDNA,1,archival-scope context,Kyrgyzstan,SITE0111,B4 900-201 BCE,1,-456.0,STUDY007,1.0,0.0,0.0,0.0,0.0,0.0,0.0,0.0,0.0,0.0,0.0,0.0,0.0,0.0,0.0,0.0,0.0,1.0,0.0,0.0,0.0,0.0,0.0,0.0,0.0,0.0,0.0,0.0,0.0,0.0,0.0,0.0,0.0,0.0,,,,,,,,
mtDNA,1,archival-scope context,Kyrgyzstan,SITE0112,B5 200 BCE-300 CE,1,148.0,STUDY004,0.0,0.0,0.0,0.0,0.0,1.0,0.0,0.0,0.0,0.0,0.0,0.0,0.0,0.0,0.0,0.0,0.0,0.0,0.0,0.0,0.0,0.0,1.0,0.0,0.0,0.0,0.0,0.0,0.0,0.0,0.0,0.0,0.0,0.0,,,,,,,,
mtDNA,1,archival-scope context,Kyrgyzstan,SITE0112,B6 301-650 CE,10,433.8,STUDY004,0.31622776601683794,0.5477225575051661,0.0,0.0,0.0,0.0,0.0,0.0,0.4472135954999579,0.0,0.0,0.0,0.0,0.0,0.31622776601683794,0.31622776601683794,0.4472135954999579,0.1,0.3,0.0,0.0,0.0,0.0,0.0,0.0,0.2,0.0,0.0,0.0,0.0,0.0,0.1,0.1,0.2,,,,,,,,
mtDNA,1,archival-scope context,Kyrgyzstan,SITE0113,B5 200 BCE-300 CE,3,-141.33333333333334,STUDY004,0.0,0.0,0.0,0.0,0.0,0.0,0.816496580927726,0.5773502691896257,0.0,0.0,0.0,0.0,0.0,0.0,0.0,0.0,0.0,0.0,0.0,0.0,0.0,0.0,0.0,0.6666666666666666,0.3333333333333333,0.0,0.0,0.0,0.0,0.0,0.0,0.0,0.0,0.0,,,,,,,,
mtDNA,1,archival-scope context,Kyrgyzstan,SITE0114,B6 301-650 CE,1,489.0,STUDY004,0.0,0.0,0.0,0.0,0.0,1.0,0.0,0.0,0.0,0.0,0.0,0.0,0.0,0.0,0.0,0.0,0.0,0.0,0.0,0.0,0.0,0.0,1.0,0.0,0.0,0.0,0.0,0.0,0.0,0.0,0.0,0.0,0.0,0.0,,,,,,,,
mtDNA,1,archival-scope context,Kyrgyzstan,SITE0114,B8 1001-1500 CE,4,1174.0,STUDY004,0.0,0.0,0.0,0.0,0.0,0.7071067811865476,0.0,0.0,0.0,0.0,0.0,0.0,0.5,0.0,0.0,0.5,0.0,0.0,0.0,0.0,0.0,0.0,0.5,0.0,0.0,0.0,0.0,0.0,0.0,0.25,0.0,0.0,0.25,0.0,,,,,,,,
mtDNA,1,archival-scope context,Kyrgyzstan,SITE0115,B4 900-201 BCE,5,-312.0,STUDY004,0.6324555320336759,0.6324555320336759,0.4472135954999579,0.0,0.0,0.0,0.0,0.0,0.0,0.0,0.0,0.0,0.0,0.0,0.0,0.0,0.0,0.4,0.4,0.2,0.0,0.0,0.0,0.0,0.0,0.0,0.0,0.0,0.0,0.0,0.0,0.0,0.0,0.0,,,,,,,,
mtDNA,1,archival-scope context,Kyrgyzstan,SITE0115,B5 200 BCE-300 CE,2,-69.5,STUDY004,0.0,0.0,0.0,0.7071067811865476,0.0,0.7071067811865476,0.0,0.0,0.0,0.0,0.0,0.0,0.0,0.0,0.0,0.0,0.0,0.0,0.0,0.0,0.5,0.0,0.5,0.0,0.0,0.0,0.0,0.0,0.0,0.0,0.0,0.0,0.0,0.0,,,,,,,,
mtDNA,1,archival-scope context,Kyrgyzstan,SITE0115,B6 301-650 CE,2,417.0,STUDY004,0.0,0.0,0.0,0.0,0.0,0.7071067811865476,0.0,0.0,0.0,0.0,0.0,0.0,0.0,0.0,0.0,0.7071067811865476,0.0,0.0,0.0,0.0,0.0,0.0,0.5,0.0,0.0,0.0,0.0,0.0,0.0,0.0,0.0,0.0,0.5,0.0,,,,,,,,
mtDNA,1,archival-scope context,Kyrgyzstan,SITE0116,B5 200 BCE-300 CE,1,-93.0,STUDY004,0.0,0.0,0.0,1.0,0.0,0.0,0.0,0.0,0.0,0.0,0.0,0.0,0.0,0.0,0.0,0.0,0.0,0.0,0.0,0.0,1.0,0.0,0.0,0.0,0.0,0.0,0.0,0.0,0.0,0.0,0.0,0.0,0.0,0.0,,,,,,,,
mtDNA,1,archival-scope context,Tajikistan,SITE0117,B3 1800-901 BCE,3,-1517.3333333333333,STUDY012,0.5773502691896257,0.0,0.816496580927726,0.0,0.0,0.0,0.0,0.0,0.0,0.0,0.0,0.0,0.0,0.0,0.0,0.0,0.0,0.3333333333333333,0.0,0.6666666666666666,0.0,0.0,0.0,0.0,0.0,0.0,0.0,0.0,0.0,0.0,0.0,0.0,0.0,0.0,,,,,,,,
mtDNA,1,archival-scope context,Tajikistan,SITE0119,B5 200 BCE-300 CE,5,-59.0,STUDY012,0.7745966692414834,0.4472135954999579,0.0,0.0,0.4472135954999579,0.0,0.0,0.0,0.0,0.0,0.0,0.0,0.0,0.0,0.0,0.0,0.0,0.6,0.2,0.0,0.0,0.2,0.0,0.0,0.0,0.0,0.0,0.0,0.0,0.0,0.0,0.0,0.0,0.0,,,,,,,,
mtDNA,1,archival-scope context,Tajikistan,SITE0120,B1 3500-2501 BCE,1,-3500.0,STUDY012,0.0,0.0,0.0,0.0,0.0,0.0,0.0,1.0,0.0,0.0,0.0,0.0,0.0,0.0,0.0,0.0,0.0,0.0,0.0,0.0,0.0,0.0,0.0,0.0,1.0,0.0,0.0,0.0,0.0,0.0,0.0,0.0,0.0,0.0,,,,,,,,
mtDNA,1,archival-scope context,Turkmenistan,SITE0121,B1 3500-2501 BCE,24,-3087.2083333333335,STUDY005|STUDY012,0.3535533905932738,0.3535533905932738,0.28867513459481287,0.408248290463863,0.5,0.0,0.0,0.0,0.0,0.45643546458763845,0.2041241452319315,0.0,0.0,0.0,0.0,0.0,0.0,0.125,0.125,0.08333333333333333,0.16666666666666666,0.25,0.0,0.0,0.0,0.0,0.20833333333333334,0.041666666666666664,0.0,0.0,0.0,0.0,0.0,0.0,,,,,,,,
mtDNA,1,archival-scope context,Turkmenistan,SITE0122,B2 2500-1801 BCE,44,-2070.5,STUDY012,0.3988620176087328,0.26111648393354675,0.337099931231621,0.45226701686664544,0.30151134457776363,0.0,0.0,0.3988620176087328,0.0,0.15075567228888181,0.30151134457776363,0.0,0.0,0.0,0.26111648393354675,0.0,0.15075567228888181,0.1590909090909091,0.06818181818181818,0.11363636363636363,0.20454545454545456,0.09090909090909091,0.0,0.0,0.1590909090909091,0.0,0.022727272727272728,0.09090909090909091,0.0,0.0,0.0,0.06818181818181818,0.0,0.022727272727272728,,,,,,,,
mtDNA,1,archival-scope context,Turkmenistan,SITE0122,B3 1800-901 BCE,1,-1800.0,STUDY012,0.0,0.0,1.0,0.0,0.0,0.0,0.0,0.0,0.0,0.0,0.0,0.0,0.0,0.0,0.0,0.0,0.0,0.0,0.0,1.0,0.0,0.0,0.0,0.0,0.0,0.0,0.0,0.0,0.0,0.0,0.0,0.0,0.0,0.0,,,,,,,,
mtDNA,1,archival-scope context,Turkmenistan,SITE0123,B1 3500-2501 BCE,1,-3223.0,STUDY005,1.0,0.0,0.0,0.0,0.0,0.0,0.0,0.0,0.0,0.0,0.0,0.0,0.0,0.0,0.0,0.0,0.0,1.0,0.0,0.0,0.0,0.0,0.0,0.0,0.0,0.0,0.0,0.0,0.0,0.0,0.0,0.0,0.0,0.0,,,,,,,,
mtDNA,1,archival-scope context,Turkmenistan,SITE0124,B1 3500-2501 BCE,5,-3038.6,STUDY001|STUDY012,0.0,0.0,0.0,0.8944271909999159,0.0,0.0,0.0,0.0,0.0,0.4472135954999579,0.0,0.0,0.0,0.0,0.0,0.0,0.0,0.0,0.0,0.0,0.8,0.0,0.0,0.0,0.0,0.0,0.2,0.0,0.0,0.0,0.0,0.0,0.0,0.0,,,,,,,,
mtDNA,1,archival-scope context,Turkmenistan,SITE0124,B3 1800-901 BCE,2,-1375.0,STUDY012,0.0,0.7071067811865476,0.0,0.7071067811865476,0.0,0.0,0.0,0.0,0.0,0.0,0.0,0.0,0.0,0.0,0.0,0.0,0.0,0.0,0.5,0.0,0.5,0.0,0.0,0.0,0.0,0.0,0.0,0.0,0.0,0.0,0.0,0.0,0.0,0.0,,,,,,,,
mtDNA,1,archival-scope context,Turkmenistan,SITE0125,B3 1800-901 BCE,1,-1300.0,STUDY012,0.0,0.0,0.0,0.0,0.0,0.0,0.0,1.0,0.0,0.0,0.0,0.0,0.0,0.0,0.0,0.0,0.0,0.0,0.0,0.0,0.0,0.0,0.0,0.0,1.0,0.0,0.0,0.0,0.0,0.0,0.0,0.0,0.0,0.0,,,,,,,,
mtDNA,1,archival-scope context,Turkmenistan,SITE0126,B1 3500-2501 BCE,1,-3200.0,STUDY005,0.0,0.0,0.0,0.0,0.0,0.0,0.0,1.0,0.0,0.0,0.0,0.0,0.0,0.0,0.0,0.0,0.0,0.0,0.0,0.0,0.0,0.0,0.0,0.0,1.0,0.0,0.0,0.0,0.0,0.0,0.0,0.0,0.0,0.0,,,,,,,,
mtDNA,1,archival-scope context,Turkmenistan,SITE0126,B4 900-201 BCE,1,-852.0,STUDY005,0.0,0.0,1.0,0.0,0.0,0.0,0.0,0.0,0.0,0.0,0.0,0.0,0.0,0.0,0.0,0.0,0.0,0.0,0.0,1.0,0.0,0.0,0.0,0.0,0.0,0.0,0.0,0.0,0.0,0.0,0.0,0.0,0.0,0.0,,,,,,,,
mtDNA,1,archival-scope context,Turkmenistan,SITE0127,B1 3500-2501 BCE,3,-3500.0,STUDY012,0.5773502691896257,0.5773502691896257,0.0,0.0,0.0,0.0,0.0,0.5773502691896257,0.0,0.0,0.0,0.0,0.0,0.0,0.0,0.0,0.0,0.3333333333333333,0.3333333333333333,0.0,0.0,0.0,0.0,0.0,0.3333333333333333,0.0,0.0,0.0,0.0,0.0,0.0,0.0,0.0,0.0,,,,,,,,
mtDNA,1,archival-scope context,Turkmenistan,SITE0128,B2 2500-1801 BCE,1,-2000.0,STUDY008,0.0,0.0,0.0,1.0,0.0,0.0,0.0,0.0,0.0,0.0,0.0,0.0,0.0,0.0,0.0,0.0,0.0,0.0,0.0,0.0,1.0,0.0,0.0,0.0,0.0,0.0,0.0,0.0,0.0,0.0,0.0,0.0,0.0,0.0,,,,,,,,
mtDNA,1,archival-scope context,Uzbekistan,SITE0129,B3 1800-901 BCE,2,-1100.0,STUDY012,0.7071067811865476,0.0,0.0,0.0,0.0,0.0,0.0,0.0,0.0,0.0,0.0,0.0,0.0,0.0,0.7071067811865476,0.0,0.0,0.5,0.0,0.0,0.0,0.0,0.0,0.0,0.0,0.0,0.0,0.0,0.0,0.0,0.0,0.5,0.0,0.0,,,,,,,,
mtDNA,1,archival-scope context,Uzbekistan,SITE0130,B1 3500-2501 BCE,1,-3149.0,STUDY001,0.0,0.0,0.0,0.0,0.0,0.0,0.0,1.0,0.0,0.0,0.0,0.0,0.0,0.0,0.0,0.0,0.0,0.0,0.0,0.0,0.0,0.0,0.0,0.0,1.0,0.0,0.0,0.0,0.0,0.0,0.0,0.0,0.0,0.0,,,,,,,,
mtDNA,1,archival-scope context,Uzbekistan,SITE0130,B3 1800-901 BCE,13,-1520.6153846153845,STUDY012,0.2773500981126146,0.3922322702763681,0.3922322702763681,0.3922322702763681,0.2773500981126146,0.0,0.0,0.2773500981126146,0.0,0.0,0.3922322702763681,0.0,0.0,0.2773500981126146,0.2773500981126146,0.0,0.0,0.07692307692307693,0.15384615384615385,0.15384615384615385,0.15384615384615385,0.07692307692307693,0.0,0.0,0.07692307692307693,0.0,0.0,0.15384615384615385,0.0,0.0,0.07692307692307693,0.07692307692307693,0.0,0.0,,,,,,,,
mtDNA,1,archival-scope context,Uzbekistan,SITE0131,B5 200 BCE-300 CE,1,-50.0,STUDY010,0.0,0.0,0.0,0.0,1.0,0.0,0.0,0.0,0.0,0.0,0.0,0.0,0.0,0.0,0.0,0.0,0.0,0.0,0.0,0.0,0.0,1.0,0.0,0.0,0.0,0.0,0.0,0.0,0.0,0.0,0.0,0.0,0.0,0.0,,,,,,,,
mtDNA,1,archival-scope context,Uzbekistan,SITE0132,B2 2500-1801 BCE,1,-1950.0,STUDY012,0.0,1.0,0.0,0.0,0.0,0.0,0.0,0.0,0.0,0.0,0.0,0.0,0.0,0.0,0.0,0.0,0.0,0.0,1.0,0.0,0.0,0.0,0.0,0.0,0.0,0.0,0.0,0.0,0.0,0.0,0.0,0.0,0.0,0.0,,,,,,,,
mtDNA,1,archival-scope context,Uzbekistan,SITE0132,B3 1800-901 BCE,6,-1572.1666666666667,STUDY001|STUDY012,0.408248290463863,0.408248290463863,0.408248290463863,0.408248290463863,0.408248290463863,0.0,0.0,0.0,0.0,0.0,0.408248290463863,0.0,0.0,0.0,0.0,0.0,0.0,0.16666666666666666,0.16666666666666666,0.16666666666666666,0.16666666666666666,0.16666666666666666,0.0,0.0,0.0,0.0,0.0,0.16666666666666666,0.0,0.0,0.0,0.0,0.0,0.0,,,,,,,,
mtDNA,1,archival-scope context,Uzbekistan,SITE0132,B5 200 BCE-300 CE,2,200.0,STUDY012,0.7071067811865476,0.0,0.0,0.0,0.0,0.0,0.0,0.0,0.0,0.7071067811865476,0.0,0.0,0.0,0.0,0.0,0.0,0.0,0.5,0.0,0.0,0.0,0.0,0.0,0.0,0.0,0.0,0.5,0.0,0.0,0.0,0.0,0.0,0.0,0.0,,,,,,,,
mtDNA,1,archival-scope context,Uzbekistan,SITE0133,B2 2500-1801 BCE,1,-2000.0,STUDY012,1.0,0.0,0.0,0.0,0.0,0.0,0.0,0.0,0.0,0.0,0.0,0.0,0.0,0.0,0.0,0.0,0.0,1.0,0.0,0.0,0.0,0.0,0.0,0.0,0.0,0.0,0.0,0.0,0.0,0.0,0.0,0.0,0.0,0.0,,,,,,,,
mtDNA,1,archival-scope context,Uzbekistan,SITE0133,B3 1800-901 BCE,2,-1541.5,STUDY012,0.7071067811865476,0.0,0.7071067811865476,0.0,0.0,0.0,0.0,0.0,0.0,0.0,0.0,0.0,0.0,0.0,0.0,0.0,0.0,0.5,0.0,0.5,0.0,0.0,0.0,0.0,0.0,0.0,0.0,0.0,0.0,0.0,0.0,0.0,0.0,0.0,,,,,,,,
mtDNA,1,archival-scope context,Uzbekistan,SITE0134,B5 200 BCE-300 CE,21,-30.19047619047619,STUDY010,0.5345224838248488,0.4879500364742666,0.3086066999241838,0.0,0.0,0.0,0.3086066999241838,0.21821789023599236,0.0,0.0,0.0,0.3779644730092272,0.0,0.3086066999241838,0.0,0.0,0.0,0.2857142857142857,0.23809523809523808,0.09523809523809523,0.0,0.0,0.0,0.09523809523809523,0.047619047619047616,0.0,0.0,0.0,0.14285714285714285,0.0,0.09523809523809523,0.0,0.0,0.0,,,,,,,,
mtDNA,1,archival-scope context,Uzbekistan,SITE0135,B2 2500-1801 BCE,13,-1859.4615384615386,STUDY001|STUDY012,0.4803844614152614,0.2773500981126146,0.0,0.4803844614152614,0.3922322702763681,0.0,0.0,0.3922322702763681,0.0,0.2773500981126146,0.0,0.0,0.0,0.2773500981126146,0.0,0.0,0.0,0.23076923076923078,0.07692307692307693,0.0,0.23076923076923078,0.15384615384615385,0.0,0.0,0.15384615384615385,0.0,0.07692307692307693,0.0,0.0,0.0,0.07692307692307693,0.0,0.0,0.0,,,,,,,,
mtDNA,1,archival-scope context,Uzbekistan,SITE0135,B3 1800-901 BCE,1,-1735.0,STUDY012,1.0,0.0,0.0,0.0,0.0,0.0,0.0,0.0,0.0,0.0,0.0,0.0,0.0,0.0,0.0,0.0,0.0,1.0,0.0,0.0,0.0,0.0,0.0,0.0,0.0,0.0,0.0,0.0,0.0,0.0,0.0,0.0,0.0,0.0,,,,,,,,
mtDNA,1,archival-scope context,Uzbekistan,SITE0136,B6 301-650 CE,2,525.0,STUDY010,0.0,0.0,0.0,0.0,0.0,0.0,0.0,0.0,0.0,0.0,0.0,0.0,0.0,0.0,0.0,0.0,1.0,0.0,0.0,0.0,0.0,0.0,0.0,0.0,0.0,0.0,0.0,0.0,0.0,0.0,0.0,0.0,0.0,1.0,,,,,,,,
mtDNA,2,revised primary,Kazakhstan,SITE0001,B4 900-201 BCE,4,-371.0,STUDY007,0.8660254037844386,0.0,0.0,0.0,0.0,0.0,0.5,0.0,0.0,0.0,0.0,0.0,0.0,0.0,0.0,0.0,0.0,0.75,0.0,0.0,0.0,0.0,0.0,0.25,0.0,0.0,0.0,0.0,0.0,0.0,0.0,0.0,0.0,0.0,,,,,,,,
mtDNA,2,revised primary,Kazakhstan,SITE0006,B3 1800-901 BCE,5,-1581.8,STUDY001|STUDY012,0.6324555320336759,0.0,0.4472135954999579,0.0,0.4472135954999579,0.0,0.0,0.0,0.0,0.0,0.0,0.0,0.0,0.0,0.4472135954999579,0.0,0.0,0.4,0.0,0.2,0.0,0.2,0.0,0.0,0.0,0.0,0.0,0.0,0.0,0.0,0.0,0.2,0.0,0.0,,,,,,,,
mtDNA,2,revised primary,Kazakhstan,SITE0011,B4 900-201 BCE,4,-311.75,STUDY007|STUDY015,0.0,0.5,0.0,0.0,0.0,0.5,0.5,0.0,0.5,0.0,0.0,0.0,0.0,0.0,0.0,0.0,0.0,0.0,0.25,0.0,0.0,0.0,0.25,0.25,0.0,0.25,0.0,0.0,0.0,0.0,0.0,0.0,0.0,0.0,,,,,,,,
mtDNA,2,revised primary,Kazakhstan,SITE0011,B5 200 BCE-300 CE,8,107.75,STUDY007,0.3535533905932738,0.0,0.0,0.0,0.5,0.3535533905932738,0.3535533905932738,0.0,0.3535533905932738,0.0,0.0,0.5,0.0,0.0,0.0,0.0,0.0,0.125,0.0,0.0,0.0,0.25,0.125,0.125,0.0,0.125,0.0,0.0,0.25,0.0,0.0,0.0,0.0,0.0,,,,,,,,
mtDNA,2,revised primary,Kazakhstan,SITE0011,B6 301-650 CE,4,324.75,STUDY007,0.0,0.0,0.0,0.0,0.0,0.0,0.0,0.5,0.7071067811865476,0.0,0.0,0.0,0.5,0.0,0.0,0.0,0.0,0.0,0.0,0.0,0.0,0.0,0.0,0.0,0.25,0.5,0.0,0.0,0.0,0.25,0.0,0.0,0.0,0.0,,,,,,,,
mtDNA,2,revised primary,Kazakhstan,SITE0013,B4 900-201 BCE,2,-290.0,STUDY007,0.0,0.0,0.0,0.0,0.0,0.0,1.0,0.0,0.0,0.0,0.0,0.0,0.0,0.0,0.0,0.0,0.0,0.0,0.0,0.0,0.0,0.0,0.0,1.0,0.0,0.0,0.0,0.0,0.0,0.0,0.0,0.0,0.0,0.0,,,,,,,,
mtDNA,2,revised primary,Kazakhstan,SITE0014,B4 900-201 BCE,4,-564.0,STUDY004|STUDY007|STUDY009,0.0,0.5,0.0,0.0,0.0,0.0,0.5,0.0,0.0,0.0,0.0,0.5,0.5,0.0,0.0,0.0,0.0,0.0,0.25,0.0,0.0,0.0,0.0,0.25,0.0,0.0,0.0,0.0,0.25,0.25,0.0,0.0,0.0,0.0,,,,,,,,
mtDNA,2,revised primary,Kazakhstan,SITE0015,B4 900-201 BCE,3,-447.3333333333333,STUDY007,0.5773502691896257,0.0,0.816496580927726,0.0,0.0,0.0,0.0,0.0,0.0,0.0,0.0,0.0,0.0,0.0,0.0,0.0,0.0,0.3333333333333333,0.0,0.6666666666666666,0.0,0.0,0.0,0.0,0.0,0.0,0.0,0.0,0.0,0.0,0.0,0.0,0.0,0.0,,,,,,,,
mtDNA,2,revised primary,Kazakhstan,SITE0018,B1 3500-2501 BCE,3,-3342.0,STUDY005,0.0,0.0,0.0,0.0,0.0,0.0,0.0,0.0,0.0,0.0,0.5773502691896257,0.5773502691896257,0.0,0.5773502691896257,0.0,0.0,0.0,0.0,0.0,0.0,0.0,0.0,0.0,0.0,0.0,0.0,0.0,0.3333333333333333,0.3333333333333333,0.0,0.3333333333333333,0.0,0.0,0.0,,,,,,,,
mtDNA,2,revised primary,Kazakhstan,SITE0019,B7 651-1000 CE,4,939.5,STUDY004,0.0,0.0,0.0,0.0,0.5,0.0,0.0,0.0,0.7071067811865476,0.0,0.0,0.0,0.0,0.0,0.0,0.5,0.0,0.0,0.0,0.0,0.0,0.25,0.0,0.0,0.0,0.5,0.0,0.0,0.0,0.0,0.0,0.0,0.25,0.0,,,,,,,,
mtDNA,2,revised primary,Kazakhstan,SITE0023,B3 1800-901 BCE,3,-1620.3333333333333,STUDY012,0.5773502691896257,0.0,0.5773502691896257,0.0,0.5773502691896257,0.0,0.0,0.0,0.0,0.0,0.0,0.0,0.0,0.0,0.0,0.0,0.0,0.3333333333333333,0.0,0.3333333333333333,0.0,0.3333333333333333,0.0,0.0,0.0,0.0,0.0,0.0,0.0,0.0,0.0,0.0,0.0,0.0,,,,,,,,
mtDNA,2,revised primary,Kazakhstan,SITE0024,B4 900-201 BCE,3,-648.3333333333334,STUDY007,0.0,0.0,0.0,0.0,0.816496580927726,0.0,0.0,0.0,0.5773502691896257,0.0,0.0,0.0,0.0,0.0,0.0,0.0,0.0,0.0,0.0,0.0,0.0,0.6666666666666666,0.0,0.0,0.0,0.3333333333333333,0.0,0.0,0.0,0.0,0.0,0.0,0.0,0.0,,,,,,,,
mtDNA,2,revised primary,Kazakhstan,SITE0035,B3 1800-901 BCE,7,-1681.7142857142858,STUDY012,0.6546536707079771,0.5345224838248488,0.0,0.0,0.3779644730092272,0.0,0.0,0.0,0.0,0.0,0.0,0.3779644730092272,0.0,0.0,0.0,0.0,0.0,0.42857142857142855,0.2857142857142857,0.0,0.0,0.14285714285714285,0.0,0.0,0.0,0.0,0.0,0.0,0.14285714285714285,0.0,0.0,0.0,0.0,0.0,,,,,,,,
mtDNA,2,revised primary,Kazakhstan,SITE0038,B3 1800-901 BCE,3,-1704.3333333333333,STUDY012,0.5773502691896257,0.5773502691896257,0.0,0.0,0.0,0.0,0.0,0.0,0.0,0.0,0.0,0.0,0.0,0.5773502691896257,0.0,0.0,0.0,0.3333333333333333,0.3333333333333333,0.0,0.0,0.0,0.0,0.0,0.0,0.0,0.0,0.0,0.0,0.0,0.3333333333333333,0.0,0.0,0.0,,,,,,,,
mtDNA,2,revised primary,Kazakhstan,SITE0039,B7 651-1000 CE,2,770.5,STUDY007,0.0,0.0,0.7071067811865476,0.0,0.0,0.7071067811865476,0.0,0.0,0.0,0.0,0.0,0.0,0.0,0.0,0.0,0.0,0.0,0.0,0.0,0.5,0.0,0.0,0.5,0.0,0.0,0.0,0.0,0.0,0.0,0.0,0.0,0.0,0.0,0.0,,,,,,,,
mtDNA,2,revised primary,Kazakhstan,SITE0042,B4 900-201 BCE,3,-620.0,STUDY007,0.816496580927726,0.5773502691896257,0.0,0.0,0.0,0.0,0.0,0.0,0.0,0.0,0.0,0.0,0.0,0.0,0.0,0.0,0.0,0.6666666666666666,0.3333333333333333,0.0,0.0,0.0,0.0,0.0,0.0,0.0,0.0,0.0,0.0,0.0,0.0,0.0,0.0,0.0,,,,,,,,
mtDNA,2,revised primary,Kazakhstan,SITE0044,B8 1001-1500 CE,2,1400.0,STUDY004,0.0,0.0,0.0,0.0,0.0,0.0,0.7071067811865476,0.0,0.0,0.7071067811865476,0.0,0.0,0.0,0.0,0.0,0.0,0.0,0.0,0.0,0.0,0.0,0.0,0.0,0.5,0.0,0.0,0.5,0.0,0.0,0.0,0.0,0.0,0.0,0.0,,,,,,,,
mtDNA,2,revised primary,Kazakhstan,SITE0047,B4 900-201 BCE,2,-462.5,STUDY007,0.0,0.0,0.0,0.0,0.0,0.0,0.0,0.7071067811865476,0.0,0.0,0.0,0.0,0.0,0.0,0.0,0.7071067811865476,0.0,0.0,0.0,0.0,0.0,0.0,0.0,0.0,0.5,0.0,0.0,0.0,0.0,0.0,0.0,0.0,0.5,0.0,,,,,,,,
mtDNA,2,revised primary,Kazakhstan,SITE0048,B4 900-201 BCE,2,-746.5,STUDY007,0.0,0.0,0.7071067811865476,0.0,0.0,0.0,0.0,0.0,0.0,0.7071067811865476,0.0,0.0,0.0,0.0,0.0,0.0,0.0,0.0,0.0,0.5,0.0,0.0,0.0,0.0,0.0,0.0,0.5,0.0,0.0,0.0,0.0,0.0,0.0,0.0,,,,,,,,
mtDNA,2,revised primary,Kazakhstan,SITE0051,B4 900-201 BCE,3,-350.0,STUDY007,0.5773502691896257,0.0,0.0,0.0,0.0,0.0,0.0,0.0,0.0,0.816496580927726,0.0,0.0,0.0,0.0,0.0,0.0,0.0,0.3333333333333333,0.0,0.0,0.0,0.0,0.0,0.0,0.0,0.0,0.6666666666666666,0.0,0.0,0.0,0.0,0.0,0.0,0.0,,,,,,,,
mtDNA,2,revised primary,Kazakhstan,SITE0052,B3 1800-901 BCE,4,-1567.75,STUDY012,0.7071067811865476,0.5,0.0,0.0,0.5,0.0,0.0,0.0,0.0,0.0,0.0,0.0,0.0,0.0,0.0,0.0,0.0,0.5,0.25,0.0,0.0,0.25,0.0,0.0,0.0,0.0,0.0,0.0,0.0,0.0,0.0,0.0,0.0,0.0,,,,,,,,
mtDNA,2,revised primary,Kazakhstan,SITE0054,B5 200 BCE-300 CE,2,256.0,STUDY004,0.7071067811865476,0.0,0.0,0.0,0.0,0.7071067811865476,0.0,0.0,0.0,0.0,0.0,0.0,0.0,0.0,0.0,0.0,0.0,0.5,0.0,0.0,0.0,0.0,0.5,0.0,0.0,0.0,0.0,0.0,0.0,0.0,0.0,0.0,0.0,0.0,,,,,,,,
mtDNA,2,revised primary,Kazakhstan,SITE0056,B5 200 BCE-300 CE,5,280.0,STUDY004|STUDY007,0.4472135954999579,0.0,0.4472135954999579,0.6324555320336759,0.0,0.0,0.0,0.4472135954999579,0.0,0.0,0.0,0.0,0.0,0.0,0.0,0.0,0.0,0.2,0.0,0.2,0.4,0.0,0.0,0.0,0.2,0.0,0.0,0.0,0.0,0.0,0.0,0.0,0.0,0.0,,,,,,,,
mtDNA,2,revised primary,Kazakhstan,SITE0056,B6 301-650 CE,2,318.5,STUDY007,0.7071067811865476,0.0,0.0,0.0,0.0,0.0,0.0,0.0,0.0,0.7071067811865476,0.0,0.0,0.0,0.0,0.0,0.0,0.0,0.5,0.0,0.0,0.0,0.0,0.0,0.0,0.0,0.0,0.5,0.0,0.0,0.0,0.0,0.0,0.0,0.0,,,,,,,,
mtDNA,2,revised primary,Kazakhstan,SITE0058,B1 3500-2501 BCE,10,-2984.0,STUDY011|STUDY012,0.6324555320336759,0.4472135954999579,0.0,0.0,0.0,0.5477225575051661,0.0,0.31622776601683794,0.0,0.0,0.0,0.0,0.0,0.0,0.0,0.0,0.0,0.4,0.2,0.0,0.0,0.0,0.3,0.0,0.1,0.0,0.0,0.0,0.0,0.0,0.0,0.0,0.0,0.0,,,,,,,,
mtDNA,2,revised primary,Kazakhstan,SITE0061,B4 900-201 BCE,2,-637.5,STUDY007,0.0,0.0,0.0,0.0,0.0,0.0,0.0,0.0,0.0,1.0,0.0,0.0,0.0,0.0,0.0,0.0,0.0,0.0,0.0,0.0,0.0,0.0,0.0,0.0,0.0,0.0,1.0,0.0,0.0,0.0,0.0,0.0,0.0,0.0,,,,,,,,
mtDNA,2,revised primary,Kazakhstan,SITE0062,B3 1800-901 BCE,2,-1615.0,STUDY001|STUDY012,0.7071067811865476,0.0,0.0,0.0,0.0,0.0,0.0,0.0,0.0,0.0,0.0,0.0,0.0,0.0,0.0,0.7071067811865476,0.0,0.5,0.0,0.0,0.0,0.0,0.0,0.0,0.0,0.0,0.0,0.0,0.0,0.0,0.0,0.0,0.5,0.0,,,,,,,,
mtDNA,2,revised primary,Kazakhstan,SITE0064,B4 900-201 BCE,2,-595.5,STUDY007,0.0,0.0,0.0,0.7071067811865476,0.0,0.0,0.7071067811865476,0.0,0.0,0.0,0.0,0.0,0.0,0.0,0.0,0.0,0.0,0.0,0.0,0.0,0.5,0.0,0.0,0.5,0.0,0.0,0.0,0.0,0.0,0.0,0.0,0.0,0.0,0.0,,,,,,,,
mtDNA,2,revised primary,Kazakhstan,SITE0065,B3 1800-901 BCE,2,-1715.0,STUDY012,0.0,0.7071067811865476,0.7071067811865476,0.0,0.0,0.0,0.0,0.0,0.0,0.0,0.0,0.0,0.0,0.0,0.0,0.0,0.0,0.0,0.5,0.5,0.0,0.0,0.0,0.0,0.0,0.0,0.0,0.0,0.0,0.0,0.0,0.0,0.0,0.0,,,,,,,,
mtDNA,2,revised primary,Kazakhstan,SITE0067,B3 1800-901 BCE,8,-1738.5,STUDY012,0.3535533905932738,0.0,0.8660254037844386,0.3535533905932738,0.0,0.0,0.0,0.0,0.0,0.0,0.0,0.0,0.0,0.0,0.0,0.0,0.0,0.125,0.0,0.75,0.125,0.0,0.0,0.0,0.0,0.0,0.0,0.0,0.0,0.0,0.0,0.0,0.0,0.0,,,,,,,,
mtDNA,2,revised primary,Kazakhstan,SITE0070,B2 2500-1801 BCE,2,-2237.0,STUDY012,0.7071067811865476,0.0,0.0,0.0,0.0,0.0,0.0,0.0,0.0,0.7071067811865476,0.0,0.0,0.0,0.0,0.0,0.0,0.0,0.5,0.0,0.0,0.0,0.0,0.0,0.0,0.0,0.0,0.5,0.0,0.0,0.0,0.0,0.0,0.0,0.0,,,,,,,,
mtDNA,2,revised primary,Kazakhstan,SITE0076,B4 900-201 BCE,2,-473.0,STUDY007|STUDY009,0.7071067811865476,0.7071067811865476,0.0,0.0,0.0,0.0,0.0,0.0,0.0,0.0,0.0,0.0,0.0,0.0,0.0,0.0,0.0,0.5,0.5,0.0,0.0,0.0,0.0,0.0,0.0,0.0,0.0,0.0,0.0,0.0,0.0,0.0,0.0,0.0,,,,,,,,
mtDNA,2,revised primary,Kazakhstan,SITE0078,B3 1800-901 BCE,7,-1569.142857142857,STUDY012,0.6546536707079771,0.0,0.3779644730092272,0.0,0.3779644730092272,0.0,0.0,0.3779644730092272,0.0,0.0,0.3779644730092272,0.0,0.0,0.0,0.0,0.0,0.0,0.42857142857142855,0.0,0.14285714285714285,0.0,0.14285714285714285,0.0,0.0,0.14285714285714285,0.0,0.0,0.14285714285714285,0.0,0.0,0.0,0.0,0.0,0.0,,,,,,,,
mtDNA,2,revised primary,Kazakhstan,SITE0081,B4 900-201 BCE,2,-338.0,STUDY007,0.0,0.0,0.0,0.0,0.0,0.0,0.0,0.0,0.7071067811865476,0.0,0.0,0.0,0.0,0.7071067811865476,0.0,0.0,0.0,0.0,0.0,0.0,0.0,0.0,0.0,0.0,0.0,0.5,0.0,0.0,0.0,0.0,0.5,0.0,0.0,0.0,,,,,,,,
mtDNA,2,revised primary,Kazakhstan,SITE0085,B3 1800-901 BCE,3,-1381.0,STUDY012,0.816496580927726,0.5773502691896257,0.0,0.0,0.0,0.0,0.0,0.0,0.0,0.0,0.0,0.0,0.0,0.0,0.0,0.0,0.0,0.6666666666666666,0.3333333333333333,0.0,0.0,0.0,0.0,0.0,0.0,0.0,0.0,0.0,0.0,0.0,0.0,0.0,0.0,0.0,,,,,,,,
mtDNA,2,revised primary,Kazakhstan,SITE0092,B7 651-1000 CE,2,887.0,STUDY004,0.0,0.0,0.0,0.0,0.0,0.0,0.7071067811865476,0.0,0.0,0.0,0.0,0.7071067811865476,0.0,0.0,0.0,0.0,0.0,0.0,0.0,0.0,0.0,0.0,0.0,0.5,0.0,0.0,0.0,0.0,0.5,0.0,0.0,0.0,0.0,0.0,,,,,,,,
mtDNA,2,revised primary,Kazakhstan,SITE0094,B4 900-201 BCE,4,-627.75,STUDY004|STUDY007|STUDY009,0.7071067811865476,0.5,0.0,0.0,0.0,0.0,0.0,0.0,0.5,0.0,0.0,0.0,0.0,0.0,0.0,0.0,0.0,0.5,0.25,0.0,0.0,0.0,0.0,0.0,0.0,0.25,0.0,0.0,0.0,0.0,0.0,0.0,0.0,0.0,,,,,,,,
mtDNA,2,revised primary,Kazakhstan,SITE0095,B3 1800-901 BCE,2,-1383.0,STUDY012,0.0,0.7071067811865476,0.0,0.0,0.0,0.7071067811865476,0.0,0.0,0.0,0.0,0.0,0.0,0.0,0.0,0.0,0.0,0.0,0.0,0.5,0.0,0.0,0.0,0.5,0.0,0.0,0.0,0.0,0.0,0.0,0.0,0.0,0.0,0.0,0.0,,,,,,,,
mtDNA,2,revised primary,Kazakhstan,SITE0099,B4 900-201 BCE,2,-306.0,STUDY004,0.0,0.0,0.0,0.7071067811865476,0.7071067811865476,0.0,0.0,0.0,0.0,0.0,0.0,0.0,0.0,0.0,0.0,0.0,0.0,0.0,0.0,0.0,0.5,0.5,0.0,0.0,0.0,0.0,0.0,0.0,0.0,0.0,0.0,0.0,0.0,0.0,,,,,,,,
mtDNA,2,revised primary,Kazakhstan,SITE0099,B5 200 BCE-300 CE,2,-159.5,STUDY004,0.7071067811865476,0.0,0.0,0.0,0.0,0.7071067811865476,0.0,0.0,0.0,0.0,0.0,0.0,0.0,0.0,0.0,0.0,0.0,0.5,0.0,0.0,0.0,0.0,0.5,0.0,0.0,0.0,0.0,0.0,0.0,0.0,0.0,0.0,0.0,0.0,,,,,,,,
mtDNA,2,revised primary,Kazakhstan,SITE0100,B3 1800-901 BCE,7,-1123.5714285714287,STUDY012,0.6546536707079771,0.0,0.0,0.0,0.0,0.0,0.0,0.3779644730092272,0.3779644730092272,0.3779644730092272,0.0,0.0,0.0,0.3779644730092272,0.0,0.0,0.0,0.42857142857142855,0.0,0.0,0.0,0.0,0.0,0.0,0.14285714285714285,0.14285714285714285,0.14285714285714285,0.0,0.0,0.0,0.14285714285714285,0.0,0.0,0.0,,,,,,,,
mtDNA,2,revised primary,Kyrgyzstan,SITE0101,B4 900-201 BCE,2,-476.5,STUDY007,0.7071067811865476,0.0,0.0,0.0,0.0,0.0,0.7071067811865476,0.0,0.0,0.0,0.0,0.0,0.0,0.0,0.0,0.0,0.0,0.5,0.0,0.0,0.0,0.0,0.0,0.5,0.0,0.0,0.0,0.0,0.0,0.0,0.0,0.0,0.0,0.0,,,,,,,,
mtDNA,2,revised primary,Kyrgyzstan,SITE0101,B5 200 BCE-300 CE,3,250.0,STUDY007,0.5773502691896257,0.0,0.0,0.0,0.0,0.0,0.5773502691896257,0.0,0.0,0.0,0.0,0.0,0.5773502691896257,0.0,0.0,0.0,0.0,0.3333333333333333,0.0,0.0,0.0,0.0,0.0,0.3333333333333333,0.0,0.0,0.0,0.0,0.0,0.3333333333333333,0.0,0.0,0.0,0.0,,,,,,,,
mtDNA,2,revised primary,Kyrgyzstan,SITE0101,B6 301-650 CE,2,338.0,STUDY007,0.7071067811865476,0.7071067811865476,0.0,0.0,0.0,0.0,0.0,0.0,0.0,0.0,0.0,0.0,0.0,0.0,0.0,0.0,0.0,0.5,0.5,0.0,0.0,0.0,0.0,0.0,0.0,0.0,0.0,0.0,0.0,0.0,0.0,0.0,0.0,0.0,,,,,,,,
mtDNA,2,revised primary,Kyrgyzstan,SITE0102,B2 2500-1801 BCE,2,-2061.0,STUDY012,0.0,0.0,0.0,0.7071067811865476,0.0,0.0,0.0,0.0,0.0,0.0,0.7071067811865476,0.0,0.0,0.0,0.0,0.0,0.0,0.0,0.0,0.0,0.5,0.0,0.0,0.0,0.0,0.0,0.0,0.5,0.0,0.0,0.0,0.0,0.0,0.0,,,,,,,,
mtDNA,2,revised primary,Kyrgyzstan,SITE0105,B4 900-201 BCE,2,-497.5,STUDY007,0.7071067811865476,0.7071067811865476,0.0,0.0,0.0,0.0,0.0,0.0,0.0,0.0,0.0,0.0,0.0,0.0,0.0,0.0,0.0,0.5,0.5,0.0,0.0,0.0,0.0,0.0,0.0,0.0,0.0,0.0,0.0,0.0,0.0,0.0,0.0,0.0,,,,,,,,
mtDNA,2,revised primary,Kyrgyzstan,SITE0106,B5 200 BCE-300 CE,2,232.5,STUDY004,0.0,0.0,0.0,0.0,0.0,0.0,0.0,0.0,0.7071067811865476,0.0,0.0,0.0,0.0,0.7071067811865476,0.0,0.0,0.0,0.0,0.0,0.0,0.0,0.0,0.0,0.0,0.0,0.5,0.0,0.0,0.0,0.0,0.5,0.0,0.0,0.0,,,,,,,,
mtDNA,2,revised primary,Kyrgyzstan,SITE0107,B5 200 BCE-300 CE,3,186.33333333333334,STUDY004,0.0,0.0,0.0,0.0,0.5773502691896257,0.0,0.0,0.0,0.0,0.0,0.0,0.0,0.816496580927726,0.0,0.0,0.0,0.0,0.0,0.0,0.0,0.0,0.3333333333333333,0.0,0.0,0.0,0.0,0.0,0.0,0.0,0.6666666666666666,0.0,0.0,0.0,0.0,,,,,,,,
mtDNA,2,revised primary,Kyrgyzstan,SITE0107,B6 301-650 CE,2,338.5,STUDY004,0.0,0.0,0.0,0.0,0.0,0.7071067811865476,0.7071067811865476,0.0,0.0,0.0,0.0,0.0,0.0,0.0,0.0,0.0,0.0,0.0,0.0,0.0,0.0,0.0,0.5,0.5,0.0,0.0,0.0,0.0,0.0,0.0,0.0,0.0,0.0,0.0,,,,,,,,
mtDNA,2,revised primary,Kyrgyzstan,SITE0108,B8 1001-1500 CE,3,1323.0,STUDY014,0.0,0.0,0.5773502691896257,0.5773502691896257,0.0,0.0,0.0,0.0,0.0,0.0,0.0,0.5773502691896257,0.0,0.0,0.0,0.0,0.0,0.0,0.0,0.3333333333333333,0.3333333333333333,0.0,0.0,0.0,0.0,0.0,0.0,0.0,0.3333333333333333,0.0,0.0,0.0,0.0,0.0,,,,,,,,
mtDNA,2,revised primary,Kyrgyzstan,SITE0112,B6 301-650 CE,10,433.8,STUDY004,0.31622776601683794,0.5477225575051661,0.0,0.0,0.0,0.0,0.0,0.0,0.4472135954999579,0.0,0.0,0.0,0.0,0.0,0.31622776601683794,0.31622776601683794,0.4472135954999579,0.1,0.3,0.0,0.0,0.0,0.0,0.0,0.0,0.2,0.0,0.0,0.0,0.0,0.0,0.1,0.1,0.2,,,,,,,,
mtDNA,2,revised primary,Kyrgyzstan,SITE0113,B5 200 BCE-300 CE,3,-141.33333333333334,STUDY004,0.0,0.0,0.0,0.0,0.0,0.0,0.816496580927726,0.5773502691896257,0.0,0.0,0.0,0.0,0.0,0.0,0.0,0.0,0.0,0.0,0.0,0.0,0.0,0.0,0.0,0.6666666666666666,0.3333333333333333,0.0,0.0,0.0,0.0,0.0,0.0,0.0,0.0,0.0,,,,,,,,
mtDNA,2,revised primary,Kyrgyzstan,SITE0114,B8 1001-1500 CE,4,1174.0,STUDY004,0.0,0.0,0.0,0.0,0.0,0.7071067811865476,0.0,0.0,0.0,0.0,0.0,0.0,0.5,0.0,0.0,0.5,0.0,0.0,0.0,0.0,0.0,0.0,0.5,0.0,0.0,0.0,0.0,0.0,0.0,0.25,0.0,0.0,0.25,0.0,,,,,,,,
mtDNA,2,revised primary,Kyrgyzstan,SITE0115,B4 900-201 BCE,5,-312.0,STUDY004,0.6324555320336759,0.6324555320336759,0.4472135954999579,0.0,0.0,0.0,0.0,0.0,0.0,0.0,0.0,0.0,0.0,0.0,0.0,0.0,0.0,0.4,0.4,0.2,0.0,0.0,0.0,0.0,0.0,0.0,0.0,0.0,0.0,0.0,0.0,0.0,0.0,0.0,,,,,,,,
mtDNA,2,revised primary,Kyrgyzstan,SITE0115,B5 200 BCE-300 CE,2,-69.5,STUDY004,0.0,0.0,0.0,0.7071067811865476,0.0,0.7071067811865476,0.0,0.0,0.0,0.0,0.0,0.0,0.0,0.0,0.0,0.0,0.0,0.0,0.0,0.0,0.5,0.0,0.5,0.0,0.0,0.0,0.0,0.0,0.0,0.0,0.0,0.0,0.0,0.0,,,,,,,,
mtDNA,2,revised primary,Kyrgyzstan,SITE0115,B6 301-650 CE,2,417.0,STUDY004,0.0,0.0,0.0,0.0,0.0,0.7071067811865476,0.0,0.0,0.0,0.0,0.0,0.0,0.0,0.0,0.0,0.7071067811865476,0.0,0.0,0.0,0.0,0.0,0.0,0.5,0.0,0.0,0.0,0.0,0.0,0.0,0.0,0.0,0.0,0.5,0.0,,,,,,,,
mtDNA,2,revised primary,Tajikistan,SITE0117,B3 1800-901 BCE,3,-1517.3333333333333,STUDY012,0.5773502691896257,0.0,0.816496580927726,0.0,0.0,0.0,0.0,0.0,0.0,0.0,0.0,0.0,0.0,0.0,0.0,0.0,0.0,0.3333333333333333,0.0,0.6666666666666666,0.0,0.0,0.0,0.0,0.0,0.0,0.0,0.0,0.0,0.0,0.0,0.0,0.0,0.0,,,,,,,,
mtDNA,2,revised primary,Tajikistan,SITE0119,B5 200 BCE-300 CE,5,-59.0,STUDY012,0.7745966692414834,0.4472135954999579,0.0,0.0,0.4472135954999579,0.0,0.0,0.0,0.0,0.0,0.0,0.0,0.0,0.0,0.0,0.0,0.0,0.6,0.2,0.0,0.0,0.2,0.0,0.0,0.0,0.0,0.0,0.0,0.0,0.0,0.0,0.0,0.0,0.0,,,,,,,,
mtDNA,2,revised primary,Turkmenistan,SITE0121,B1 3500-2501 BCE,24,-3087.2083333333335,STUDY005|STUDY012,0.3535533905932738,0.3535533905932738,0.28867513459481287,0.408248290463863,0.5,0.0,0.0,0.0,0.0,0.45643546458763845,0.2041241452319315,0.0,0.0,0.0,0.0,0.0,0.0,0.125,0.125,0.08333333333333333,0.16666666666666666,0.25,0.0,0.0,0.0,0.0,0.20833333333333334,0.041666666666666664,0.0,0.0,0.0,0.0,0.0,0.0,,,,,,,,
mtDNA,2,revised primary,Turkmenistan,SITE0122,B2 2500-1801 BCE,44,-2070.5,STUDY012,0.3988620176087328,0.26111648393354675,0.337099931231621,0.45226701686664544,0.30151134457776363,0.0,0.0,0.3988620176087328,0.0,0.15075567228888181,0.30151134457776363,0.0,0.0,0.0,0.26111648393354675,0.0,0.15075567228888181,0.1590909090909091,0.06818181818181818,0.11363636363636363,0.20454545454545456,0.09090909090909091,0.0,0.0,0.1590909090909091,0.0,0.022727272727272728,0.09090909090909091,0.0,0.0,0.0,0.06818181818181818,0.0,0.022727272727272728,,,,,,,,
mtDNA,2,revised primary,Turkmenistan,SITE0124,B1 3500-2501 BCE,5,-3038.6,STUDY001|STUDY012,0.0,0.0,0.0,0.8944271909999159,0.0,0.0,0.0,0.0,0.0,0.4472135954999579,0.0,0.0,0.0,0.0,0.0,0.0,0.0,0.0,0.0,0.0,0.8,0.0,0.0,0.0,0.0,0.0,0.2,0.0,0.0,0.0,0.0,0.0,0.0,0.0,,,,,,,,
mtDNA,2,revised primary,Turkmenistan,SITE0124,B3 1800-901 BCE,2,-1375.0,STUDY012,0.0,0.7071067811865476,0.0,0.7071067811865476,0.0,0.0,0.0,0.0,0.0,0.0,0.0,0.0,0.0,0.0,0.0,0.0,0.0,0.0,0.5,0.0,0.5,0.0,0.0,0.0,0.0,0.0,0.0,0.0,0.0,0.0,0.0,0.0,0.0,0.0,,,,,,,,
mtDNA,2,revised primary,Turkmenistan,SITE0127,B1 3500-2501 BCE,3,-3500.0,STUDY012,0.5773502691896257,0.5773502691896257,0.0,0.0,0.0,0.0,0.0,0.5773502691896257,0.0,0.0,0.0,0.0,0.0,0.0,0.0,0.0,0.0,0.3333333333333333,0.3333333333333333,0.0,0.0,0.0,0.0,0.0,0.3333333333333333,0.0,0.0,0.0,0.0,0.0,0.0,0.0,0.0,0.0,,,,,,,,
mtDNA,2,revised primary,Uzbekistan,SITE0129,B3 1800-901 BCE,2,-1100.0,STUDY012,0.7071067811865476,0.0,0.0,0.0,0.0,0.0,0.0,0.0,0.0,0.0,0.0,0.0,0.0,0.0,0.7071067811865476,0.0,0.0,0.5,0.0,0.0,0.0,0.0,0.0,0.0,0.0,0.0,0.0,0.0,0.0,0.0,0.0,0.5,0.0,0.0,,,,,,,,
mtDNA,2,revised primary,Uzbekistan,SITE0130,B3 1800-901 BCE,13,-1520.6153846153845,STUDY012,0.2773500981126146,0.3922322702763681,0.3922322702763681,0.3922322702763681,0.2773500981126146,0.0,0.0,0.2773500981126146,0.0,0.0,0.3922322702763681,0.0,0.0,0.2773500981126146,0.2773500981126146,0.0,0.0,0.07692307692307693,0.15384615384615385,0.15384615384615385,0.15384615384615385,0.07692307692307693,0.0,0.0,0.07692307692307693,0.0,0.0,0.15384615384615385,0.0,0.0,0.07692307692307693,0.07692307692307693,0.0,0.0,,,,,,,,
mtDNA,2,revised primary,Uzbekistan,SITE0132,B3 1800-901 BCE,6,-1572.1666666666667,STUDY001|STUDY012,0.408248290463863,0.408248290463863,0.408248290463863,0.408248290463863,0.408248290463863,0.0,0.0,0.0,0.0,0.0,0.408248290463863,0.0,0.0,0.0,0.0,0.0,0.0,0.16666666666666666,0.16666666666666666,0.16666666666666666,0.16666666666666666,0.16666666666666666,0.0,0.0,0.0,0.0,0.0,0.16666666666666666,0.0,0.0,0.0,0.0,0.0,0.0,,,,,,,,
mtDNA,2,revised primary,Uzbekistan,SITE0132,B5 200 BCE-300 CE,2,200.0,STUDY012,0.7071067811865476,0.0,0.0,0.0,0.0,0.0,0.0,0.0,0.0,0.7071067811865476,0.0,0.0,0.0,0.0,0.0,0.0,0.0,0.5,0.0,0.0,0.0,0.0,0.0,0.0,0.0,0.0,0.5,0.0,0.0,0.0,0.0,0.0,0.0,0.0,,,,,,,,
mtDNA,2,revised primary,Uzbekistan,SITE0133,B3 1800-901 BCE,2,-1541.5,STUDY012,0.7071067811865476,0.0,0.7071067811865476,0.0,0.0,0.0,0.0,0.0,0.0,0.0,0.0,0.0,0.0,0.0,0.0,0.0,0.0,0.5,0.0,0.5,0.0,0.0,0.0,0.0,0.0,0.0,0.0,0.0,0.0,0.0,0.0,0.0,0.0,0.0,,,,,,,,
mtDNA,2,revised primary,Uzbekistan,SITE0134,B5 200 BCE-300 CE,21,-30.19047619047619,STUDY010,0.5345224838248488,0.4879500364742666,0.3086066999241838,0.0,0.0,0.0,0.3086066999241838,0.21821789023599236,0.0,0.0,0.0,0.3779644730092272,0.0,0.3086066999241838,0.0,0.0,0.0,0.2857142857142857,0.23809523809523808,0.09523809523809523,0.0,0.0,0.0,0.09523809523809523,0.047619047619047616,0.0,0.0,0.0,0.14285714285714285,0.0,0.09523809523809523,0.0,0.0,0.0,,,,,,,,
mtDNA,2,revised primary,Uzbekistan,SITE0135,B2 2500-1801 BCE,13,-1859.4615384615386,STUDY001|STUDY012,0.4803844614152614,0.2773500981126146,0.0,0.4803844614152614,0.3922322702763681,0.0,0.0,0.3922322702763681,0.0,0.2773500981126146,0.0,0.0,0.0,0.2773500981126146,0.0,0.0,0.0,0.23076923076923078,0.07692307692307693,0.0,0.23076923076923078,0.15384615384615385,0.0,0.0,0.15384615384615385,0.0,0.07692307692307693,0.0,0.0,0.0,0.07692307692307693,0.0,0.0,0.0,,,,,,,,
mtDNA,2,revised primary,Uzbekistan,SITE0136,B6 301-650 CE,2,525.0,STUDY010,0.0,0.0,0.0,0.0,0.0,0.0,0.0,0.0,0.0,0.0,0.0,0.0,0.0,0.0,0.0,0.0,1.0,0.0,0.0,0.0,0.0,0.0,0.0,0.0,0.0,0.0,0.0,0.0,0.0,0.0,0.0,0.0,0.0,1.0,,,,,,,,
mtDNA,3,stringent sensitivity,Kazakhstan,SITE0001,B4 900-201 BCE,4,-371.0,STUDY007,0.8660254037844386,0.0,0.0,0.0,0.0,0.0,0.5,0.0,0.0,0.0,0.0,0.0,0.0,0.0,0.0,0.0,0.0,0.75,0.0,0.0,0.0,0.0,0.0,0.25,0.0,0.0,0.0,0.0,0.0,0.0,0.0,0.0,0.0,0.0,,,,,,,,
mtDNA,3,stringent sensitivity,Kazakhstan,SITE0006,B3 1800-901 BCE,5,-1581.8,STUDY001|STUDY012,0.6324555320336759,0.0,0.4472135954999579,0.0,0.4472135954999579,0.0,0.0,0.0,0.0,0.0,0.0,0.0,0.0,0.0,0.4472135954999579,0.0,0.0,0.4,0.0,0.2,0.0,0.2,0.0,0.0,0.0,0.0,0.0,0.0,0.0,0.0,0.0,0.2,0.0,0.0,,,,,,,,
mtDNA,3,stringent sensitivity,Kazakhstan,SITE0011,B4 900-201 BCE,4,-311.75,STUDY007|STUDY015,0.0,0.5,0.0,0.0,0.0,0.5,0.5,0.0,0.5,0.0,0.0,0.0,0.0,0.0,0.0,0.0,0.0,0.0,0.25,0.0,0.0,0.0,0.25,0.25,0.0,0.25,0.0,0.0,0.0,0.0,0.0,0.0,0.0,0.0,,,,,,,,
mtDNA,3,stringent sensitivity,Kazakhstan,SITE0011,B5 200 BCE-300 CE,8,107.75,STUDY007,0.3535533905932738,0.0,0.0,0.0,0.5,0.3535533905932738,0.3535533905932738,0.0,0.3535533905932738,0.0,0.0,0.5,0.0,0.0,0.0,0.0,0.0,0.125,0.0,0.0,0.0,0.25,0.125,0.125,0.0,0.125,0.0,0.0,0.25,0.0,0.0,0.0,0.0,0.0,,,,,,,,
mtDNA,3,stringent sensitivity,Kazakhstan,SITE0011,B6 301-650 CE,4,324.75,STUDY007,0.0,0.0,0.0,0.0,0.0,0.0,0.0,0.5,0.7071067811865476,0.0,0.0,0.0,0.5,0.0,0.0,0.0,0.0,0.0,0.0,0.0,0.0,0.0,0.0,0.0,0.25,0.5,0.0,0.0,0.0,0.25,0.0,0.0,0.0,0.0,,,,,,,,
mtDNA,3,stringent sensitivity,Kazakhstan,SITE0014,B4 900-201 BCE,4,-564.0,STUDY004|STUDY007|STUDY009,0.0,0.5,0.0,0.0,0.0,0.0,0.5,0.0,0.0,0.0,0.0,0.5,0.5,0.0,0.0,0.0,0.0,0.0,0.25,0.0,0.0,0.0,0.0,0.25,0.0,0.0,0.0,0.0,0.25,0.25,0.0,0.0,0.0,0.0,,,,,,,,
mtDNA,3,stringent sensitivity,Kazakhstan,SITE0015,B4 900-201 BCE,3,-447.3333333333333,STUDY007,0.5773502691896257,0.0,0.816496580927726,0.0,0.0,0.0,0.0,0.0,0.0,0.0,0.0,0.0,0.0,0.0,0.0,0.0,0.0,0.3333333333333333,0.0,0.6666666666666666,0.0,0.0,0.0,0.0,0.0,0.0,0.0,0.0,0.0,0.0,0.0,0.0,0.0,0.0,,,,,,,,
mtDNA,3,stringent sensitivity,Kazakhstan,SITE0018,B1 3500-2501 BCE,3,-3342.0,STUDY005,0.0,0.0,0.0,0.0,0.0,0.0,0.0,0.0,0.0,0.0,0.5773502691896257,0.5773502691896257,0.0,0.5773502691896257,0.0,0.0,0.0,0.0,0.0,0.0,0.0,0.0,0.0,0.0,0.0,0.0,0.0,0.3333333333333333,0.3333333333333333,0.0,0.3333333333333333,0.0,0.0,0.0,,,,,,,,
mtDNA,3,stringent sensitivity,Kazakhstan,SITE0019,B7 651-1000 CE,4,939.5,STUDY004,0.0,0.0,0.0,0.0,0.5,0.0,0.0,0.0,0.7071067811865476,0.0,0.0,0.0,0.0,0.0,0.0,0.5,0.0,0.0,0.0,0.0,0.0,0.25,0.0,0.0,0.0,0.5,0.0,0.0,0.0,0.0,0.0,0.0,0.25,0.0,,,,,,,,
mtDNA,3,stringent sensitivity,Kazakhstan,SITE0023,B3 1800-901 BCE,3,-1620.3333333333333,STUDY012,0.5773502691896257,0.0,0.5773502691896257,0.0,0.5773502691896257,0.0,0.0,0.0,0.0,0.0,0.0,0.0,0.0,0.0,0.0,0.0,0.0,0.3333333333333333,0.0,0.3333333333333333,0.0,0.3333333333333333,0.0,0.0,0.0,0.0,0.0,0.0,0.0,0.0,0.0,0.0,0.0,0.0,,,,,,,,
mtDNA,3,stringent sensitivity,Kazakhstan,SITE0024,B4 900-201 BCE,3,-648.3333333333334,STUDY007,0.0,0.0,0.0,0.0,0.816496580927726,0.0,0.0,0.0,0.5773502691896257,0.0,0.0,0.0,0.0,0.0,0.0,0.0,0.0,0.0,0.0,0.0,0.0,0.6666666666666666,0.0,0.0,0.0,0.3333333333333333,0.0,0.0,0.0,0.0,0.0,0.0,0.0,0.0,,,,,,,,
mtDNA,3,stringent sensitivity,Kazakhstan,SITE0035,B3 1800-901 BCE,7,-1681.7142857142858,STUDY012,0.6546536707079771,0.5345224838248488,0.0,0.0,0.3779644730092272,0.0,0.0,0.0,0.0,0.0,0.0,0.3779644730092272,0.0,0.0,0.0,0.0,0.0,0.42857142857142855,0.2857142857142857,0.0,0.0,0.14285714285714285,0.0,0.0,0.0,0.0,0.0,0.0,0.14285714285714285,0.0,0.0,0.0,0.0,0.0,,,,,,,,
mtDNA,3,stringent sensitivity,Kazakhstan,SITE0038,B3 1800-901 BCE,3,-1704.3333333333333,STUDY012,0.5773502691896257,0.5773502691896257,0.0,0.0,0.0,0.0,0.0,0.0,0.0,0.0,0.0,0.0,0.0,0.5773502691896257,0.0,0.0,0.0,0.3333333333333333,0.3333333333333333,0.0,0.0,0.0,0.0,0.0,0.0,0.0,0.0,0.0,0.0,0.0,0.3333333333333333,0.0,0.0,0.0,,,,,,,,
mtDNA,3,stringent sensitivity,Kazakhstan,SITE0042,B4 900-201 BCE,3,-620.0,STUDY007,0.816496580927726,0.5773502691896257,0.0,0.0,0.0,0.0,0.0,0.0,0.0,0.0,0.0,0.0,0.0,0.0,0.0,0.0,0.0,0.6666666666666666,0.3333333333333333,0.0,0.0,0.0,0.0,0.0,0.0,0.0,0.0,0.0,0.0,0.0,0.0,0.0,0.0,0.0,,,,,,,,
mtDNA,3,stringent sensitivity,Kazakhstan,SITE0051,B4 900-201 BCE,3,-350.0,STUDY007,0.5773502691896257,0.0,0.0,0.0,0.0,0.0,0.0,0.0,0.0,0.816496580927726,0.0,0.0,0.0,0.0,0.0,0.0,0.0,0.3333333333333333,0.0,0.0,0.0,0.0,0.0,0.0,0.0,0.0,0.6666666666666666,0.0,0.0,0.0,0.0,0.0,0.0,0.0,,,,,,,,
mtDNA,3,stringent sensitivity,Kazakhstan,SITE0052,B3 1800-901 BCE,4,-1567.75,STUDY012,0.7071067811865476,0.5,0.0,0.0,0.5,0.0,0.0,0.0,0.0,0.0,0.0,0.0,0.0,0.0,0.0,0.0,0.0,0.5,0.25,0.0,0.0,0.25,0.0,0.0,0.0,0.0,0.0,0.0,0.0,0.0,0.0,0.0,0.0,0.0,,,,,,,,
mtDNA,3,stringent sensitivity,Kazakhstan,SITE0056,B5 200 BCE-300 CE,5,280.0,STUDY004|STUDY007,0.4472135954999579,0.0,0.4472135954999579,0.6324555320336759,0.0,0.0,0.0,0.4472135954999579,0.0,0.0,0.0,0.0,0.0,0.0,0.0,0.0,0.0,0.2,0.0,0.2,0.4,0.0,0.0,0.0,0.2,0.0,0.0,0.0,0.0,0.0,0.0,0.0,0.0,0.0,,,,,,,,
mtDNA,3,stringent sensitivity,Kazakhstan,SITE0058,B1 3500-2501 BCE,10,-2984.0,STUDY011|STUDY012,0.6324555320336759,0.4472135954999579,0.0,0.0,0.0,0.5477225575051661,0.0,0.31622776601683794,0.0,0.0,0.0,0.0,0.0,0.0,0.0,0.0,0.0,0.4,0.2,0.0,0.0,0.0,0.3,0.0,0.1,0.0,0.0,0.0,0.0,0.0,0.0,0.0,0.0,0.0,,,,,,,,
mtDNA,3,stringent sensitivity,Kazakhstan,SITE0067,B3 1800-901 BCE,8,-1738.5,STUDY012,0.3535533905932738,0.0,0.8660254037844386,0.3535533905932738,0.0,0.0,0.0,0.0,0.0,0.0,0.0,0.0,0.0,0.0,0.0,0.0,0.0,0.125,0.0,0.75,0.125,0.0,0.0,0.0,0.0,0.0,0.0,0.0,0.0,0.0,0.0,0.0,0.0,0.0,,,,,,,,
mtDNA,3,stringent sensitivity,Kazakhstan,SITE0078,B3 1800-901 BCE,7,-1569.142857142857,STUDY012,0.6546536707079771,0.0,0.3779644730092272,0.0,0.3779644730092272,0.0,0.0,0.3779644730092272,0.0,0.0,0.3779644730092272,0.0,0.0,0.0,0.0,0.0,0.0,0.42857142857142855,0.0,0.14285714285714285,0.0,0.14285714285714285,0.0,0.0,0.14285714285714285,0.0,0.0,0.14285714285714285,0.0,0.0,0.0,0.0,0.0,0.0,,,,,,,,
mtDNA,3,stringent sensitivity,Kazakhstan,SITE0085,B3 1800-901 BCE,3,-1381.0,STUDY012,0.816496580927726,0.5773502691896257,0.0,0.0,0.0,0.0,0.0,0.0,0.0,0.0,0.0,0.0,0.0,0.0,0.0,0.0,0.0,0.6666666666666666,0.3333333333333333,0.0,0.0,0.0,0.0,0.0,0.0,0.0,0.0,0.0,0.0,0.0,0.0,0.0,0.0,0.0,,,,,,,,
mtDNA,3,stringent sensitivity,Kazakhstan,SITE0094,B4 900-201 BCE,4,-627.75,STUDY004|STUDY007|STUDY009,0.7071067811865476,0.5,0.0,0.0,0.0,0.0,0.0,0.0,0.5,0.0,0.0,0.0,0.0,0.0,0.0,0.0,0.0,0.5,0.25,0.0,0.0,0.0,0.0,0.0,0.0,0.25,0.0,0.0,0.0,0.0,0.0,0.0,0.0,0.0,,,,,,,,
mtDNA,3,stringent sensitivity,Kazakhstan,SITE0100,B3 1800-901 BCE,7,-1123.5714285714287,STUDY012,0.6546536707079771,0.0,0.0,0.0,0.0,0.0,0.0,0.3779644730092272,0.3779644730092272,0.3779644730092272,0.0,0.0,0.0,0.3779644730092272,0.0,0.0,0.0,0.42857142857142855,0.0,0.0,0.0,0.0,0.0,0.0,0.14285714285714285,0.14285714285714285,0.14285714285714285,0.0,0.0,0.0,0.14285714285714285,0.0,0.0,0.0,,,,,,,,
mtDNA,3,stringent sensitivity,Kyrgyzstan,SITE0101,B5 200 BCE-300 CE,3,250.0,STUDY007,0.5773502691896257,0.0,0.0,0.0,0.0,0.0,0.5773502691896257,0.0,0.0,0.0,0.0,0.0,0.5773502691896257,0.0,0.0,0.0,0.0,0.3333333333333333,0.0,0.0,0.0,0.0,0.0,0.3333333333333333,0.0,0.0,0.0,0.0,0.0,0.3333333333333333,0.0,0.0,0.0,0.0,,,,,,,,
mtDNA,3,stringent sensitivity,Kyrgyzstan,SITE0107,B5 200 BCE-300 CE,3,186.33333333333334,STUDY004,0.0,0.0,0.0,0.0,0.5773502691896257,0.0,0.0,0.0,0.0,0.0,0.0,0.0,0.816496580927726,0.0,0.0,0.0,0.0,0.0,0.0,0.0,0.0,0.3333333333333333,0.0,0.0,0.0,0.0,0.0,0.0,0.0,0.6666666666666666,0.0,0.0,0.0,0.0,,,,,,,,
mtDNA,3,stringent sensitivity,Kyrgyzstan,SITE0108,B8 1001-1500 CE,3,1323.0,STUDY014,0.0,0.0,0.5773502691896257,0.5773502691896257,0.0,0.0,0.0,0.0,0.0,0.0,0.0,0.5773502691896257,0.0,0.0,0.0,0.0,0.0,0.0,0.0,0.3333333333333333,0.3333333333333333,0.0,0.0,0.0,0.0,0.0,0.0,0.0,0.3333333333333333,0.0,0.0,0.0,0.0,0.0,,,,,,,,
mtDNA,3,stringent sensitivity,Kyrgyzstan,SITE0112,B6 301-650 CE,10,433.8,STUDY004,0.31622776601683794,0.5477225575051661,0.0,0.0,0.0,0.0,0.0,0.0,0.4472135954999579,0.0,0.0,0.0,0.0,0.0,0.31622776601683794,0.31622776601683794,0.4472135954999579,0.1,0.3,0.0,0.0,0.0,0.0,0.0,0.0,0.2,0.0,0.0,0.0,0.0,0.0,0.1,0.1,0.2,,,,,,,,
mtDNA,3,stringent sensitivity,Kyrgyzstan,SITE0113,B5 200 BCE-300 CE,3,-141.33333333333334,STUDY004,0.0,0.0,0.0,0.0,0.0,0.0,0.816496580927726,0.5773502691896257,0.0,0.0,0.0,0.0,0.0,0.0,0.0,0.0,0.0,0.0,0.0,0.0,0.0,0.0,0.0,0.6666666666666666,0.3333333333333333,0.0,0.0,0.0,0.0,0.0,0.0,0.0,0.0,0.0,,,,,,,,
mtDNA,3,stringent sensitivity,Kyrgyzstan,SITE0114,B8 1001-1500 CE,4,1174.0,STUDY004,0.0,0.0,0.0,0.0,0.0,0.7071067811865476,0.0,0.0,0.0,0.0,0.0,0.0,0.5,0.0,0.0,0.5,0.0,0.0,0.0,0.0,0.0,0.0,0.5,0.0,0.0,0.0,0.0,0.0,0.0,0.25,0.0,0.0,0.25,0.0,,,,,,,,
mtDNA,3,stringent sensitivity,Kyrgyzstan,SITE0115,B4 900-201 BCE,5,-312.0,STUDY004,0.6324555320336759,0.6324555320336759,0.4472135954999579,0.0,0.0,0.0,0.0,0.0,0.0,0.0,0.0,0.0,0.0,0.0,0.0,0.0,0.0,0.4,0.4,0.2,0.0,0.0,0.0,0.0,0.0,0.0,0.0,0.0,0.0,0.0,0.0,0.0,0.0,0.0,,,,,,,,
mtDNA,3,stringent sensitivity,Tajikistan,SITE0117,B3 1800-901 BCE,3,-1517.3333333333333,STUDY012,0.5773502691896257,0.0,0.816496580927726,0.0,0.0,0.0,0.0,0.0,0.0,0.0,0.0,0.0,0.0,0.0,0.0,0.0,0.0,0.3333333333333333,0.0,0.6666666666666666,0.0,0.0,0.0,0.0,0.0,0.0,0.0,0.0,0.0,0.0,0.0,0.0,0.0,0.0,,,,,,,,
mtDNA,3,stringent sensitivity,Tajikistan,SITE0119,B5 200 BCE-300 CE,5,-59.0,STUDY012,0.7745966692414834,0.4472135954999579,0.0,0.0,0.4472135954999579,0.0,0.0,0.0,0.0,0.0,0.0,0.0,0.0,0.0,0.0,0.0,0.0,0.6,0.2,0.0,0.0,0.2,0.0,0.0,0.0,0.0,0.0,0.0,0.0,0.0,0.0,0.0,0.0,0.0,,,,,,,,
mtDNA,3,stringent sensitivity,Turkmenistan,SITE0121,B1 3500-2501 BCE,24,-3087.2083333333335,STUDY005|STUDY012,0.3535533905932738,0.3535533905932738,0.28867513459481287,0.408248290463863,0.5,0.0,0.0,0.0,0.0,0.45643546458763845,0.2041241452319315,0.0,0.0,0.0,0.0,0.0,0.0,0.125,0.125,0.08333333333333333,0.16666666666666666,0.25,0.0,0.0,0.0,0.0,0.20833333333333334,0.041666666666666664,0.0,0.0,0.0,0.0,0.0,0.0,,,,,,,,
mtDNA,3,stringent sensitivity,Turkmenistan,SITE0122,B2 2500-1801 BCE,44,-2070.5,STUDY012,0.3988620176087328,0.26111648393354675,0.337099931231621,0.45226701686664544,0.30151134457776363,0.0,0.0,0.3988620176087328,0.0,0.15075567228888181,0.30151134457776363,0.0,0.0,0.0,0.26111648393354675,0.0,0.15075567228888181,0.1590909090909091,0.06818181818181818,0.11363636363636363,0.20454545454545456,0.09090909090909091,0.0,0.0,0.1590909090909091,0.0,0.022727272727272728,0.09090909090909091,0.0,0.0,0.0,0.06818181818181818,0.0,0.022727272727272728,,,,,,,,
mtDNA,3,stringent sensitivity,Turkmenistan,SITE0124,B1 3500-2501 BCE,5,-3038.6,STUDY001|STUDY012,0.0,0.0,0.0,0.8944271909999159,0.0,0.0,0.0,0.0,0.0,0.4472135954999579,0.0,0.0,0.0,0.0,0.0,0.0,0.0,0.0,0.0,0.0,0.8,0.0,0.0,0.0,0.0,0.0,0.2,0.0,0.0,0.0,0.0,0.0,0.0,0.0,,,,,,,,
mtDNA,3,stringent sensitivity,Turkmenistan,SITE0127,B1 3500-2501 BCE,3,-3500.0,STUDY012,0.5773502691896257,0.5773502691896257,0.0,0.0,0.0,0.0,0.0,0.5773502691896257,0.0,0.0,0.0,0.0,0.0,0.0,0.0,0.0,0.0,0.3333333333333333,0.3333333333333333,0.0,0.0,0.0,0.0,0.0,0.3333333333333333,0.0,0.0,0.0,0.0,0.0,0.0,0.0,0.0,0.0,,,,,,,,
mtDNA,3,stringent sensitivity,Uzbekistan,SITE0130,B3 1800-901 BCE,13,-1520.6153846153845,STUDY012,0.2773500981126146,0.3922322702763681,0.3922322702763681,0.3922322702763681,0.2773500981126146,0.0,0.0,0.2773500981126146,0.0,0.0,0.3922322702763681,0.0,0.0,0.2773500981126146,0.2773500981126146,0.0,0.0,0.07692307692307693,0.15384615384615385,0.15384615384615385,0.15384615384615385,0.07692307692307693,0.0,0.0,0.07692307692307693,0.0,0.0,0.15384615384615385,0.0,0.0,0.07692307692307693,0.07692307692307693,0.0,0.0,,,,,,,,
mtDNA,3,stringent sensitivity,Uzbekistan,SITE0132,B3 1800-901 BCE,6,-1572.1666666666667,STUDY001|STUDY012,0.408248290463863,0.408248290463863,0.408248290463863,0.408248290463863,0.408248290463863,0.0,0.0,0.0,0.0,0.0,0.408248290463863,0.0,0.0,0.0,0.0,0.0,0.0,0.16666666666666666,0.16666666666666666,0.16666666666666666,0.16666666666666666,0.16666666666666666,0.0,0.0,0.0,0.0,0.0,0.16666666666666666,0.0,0.0,0.0,0.0,0.0,0.0,,,,,,,,
mtDNA,3,stringent sensitivity,Uzbekistan,SITE0134,B5 200 BCE-300 CE,21,-30.19047619047619,STUDY010,0.5345224838248488,0.4879500364742666,0.3086066999241838,0.0,0.0,0.0,0.3086066999241838,0.21821789023599236,0.0,0.0,0.0,0.3779644730092272,0.0,0.3086066999241838,0.0,0.0,0.0,0.2857142857142857,0.23809523809523808,0.09523809523809523,0.0,0.0,0.0,0.09523809523809523,0.047619047619047616,0.0,0.0,0.0,0.14285714285714285,0.0,0.09523809523809523,0.0,0.0,0.0,,,,,,,,
mtDNA,3,stringent sensitivity,Uzbekistan,SITE0135,B2 2500-1801 BCE,13,-1859.4615384615386,STUDY001|STUDY012,0.4803844614152614,0.2773500981126146,0.0,0.4803844614152614,0.3922322702763681,0.0,0.0,0.3922322702763681,0.0,0.2773500981126146,0.0,0.0,0.0,0.2773500981126146,0.0,0.0,0.0,0.23076923076923078,0.07692307692307693,0.0,0.23076923076923078,0.15384615384615385,0.0,0.0,0.15384615384615385,0.0,0.07692307692307693,0.0,0.0,0.0,0.07692307692307693,0.0,0.0,0.0,,,,,,,,
Y,1,archival-scope context,Kazakhstan,SITE0001,B4 900-201 BCE,3,-400.0,STUDY007,,,,,0.0,0.0,,,,,0.816496580927726,0.5773502691896257,,,0.0,,,,,,,0.0,0.0,,,,,0.6666666666666666,0.3333333333333333,,,0.0,,,0.0,0.0,0.0,0.0,0.0,0.0,0.0,0.0
Y,1,archival-scope context,Kazakhstan,SITE0001,B5 200 BCE-300 CE,1,160.0,STUDY007,,,,,0.0,0.0,,,,,1.0,0.0,,,0.0,,,,,,,0.0,0.0,,,,,1.0,0.0,,,0.0,,,0.0,0.0,0.0,0.0,0.0,0.0,0.0,0.0
Y,1,archival-scope context,Kazakhstan,SITE0002,B3 1800-901 BCE,1,-1734.0,STUDY012,,,,,0.0,0.0,,,,,1.0,0.0,,,0.0,,,,,,,0.0,0.0,,,,,1.0,0.0,,,0.0,,,0.0,0.0,0.0,0.0,0.0,0.0,0.0,0.0
Y,1,archival-scope context,Kazakhstan,SITE0003,B4 900-201 BCE,1,-727.0,STUDY007,,,,,0.0,0.0,,,,,1.0,0.0,,,0.0,,,,,,,0.0,0.0,,,,,1.0,0.0,,,0.0,,,0.0,0.0,0.0,0.0,0.0,0.0,0.0,0.0
Y,1,archival-scope context,Kazakhstan,SITE0004,B4 900-201 BCE,1,-671.0,STUDY009,,,,,1.0,0.0,,,,,0.0,0.0,,,0.0,,,,,,,1.0,0.0,,,,,0.0,0.0,,,0.0,,,0.0,0.0,0.0,0.0,0.0,0.0,0.0,0.0
Y,1,archival-scope context,Kazakhstan,SITE0005,B6 301-650 CE,1,334.0,STUDY004,,,,,0.0,0.0,,,,,0.0,0.0,,,0.0,,,,,,,0.0,0.0,,,,,0.0,0.0,,,0.0,,,1.0,0.0,0.0,0.0,1.0,0.0,0.0,0.0
Y,1,archival-scope context,Kazakhstan,SITE0006,B3 1800-901 BCE,4,-1577.0,STUDY001|STUDY012,,,,,0.0,0.0,,,,,1.0,0.0,,,0.0,,,,,,,0.0,0.0,,,,,1.0,0.0,,,0.0,,,0.0,0.0,0.0,0.0,0.0,0.0,0.0,0.0
Y,1,archival-scope context,Kazakhstan,SITE0007,B7 651-1000 CE,1,959.0,STUDY004,,,,,0.0,0.0,,,,,1.0,0.0,,,0.0,,,,,,,0.0,0.0,,,,,1.0,0.0,,,0.0,,,0.0,0.0,0.0,0.0,0.0,0.0,0.0,0.0
Y,1,archival-scope context,Kazakhstan,SITE0008,B6 301-650 CE,1,323.0,STUDY004,,,,,0.0,0.0,,,,,1.0,0.0,,,0.0,,,,,,,0.0,0.0,,,,,1.0,0.0,,,0.0,,,0.0,0.0,0.0,0.0,0.0,0.0,0.0,0.0
Y,1,archival-scope context,Kazakhstan,SITE0009,B4 900-201 BCE,1,-637.0,STUDY007,,,,,0.0,0.0,,,,,1.0,0.0,,,0.0,,,,,,,0.0,0.0,,,,,1.0,0.0,,,0.0,,,0.0,0.0,0.0,0.0,0.0,0.0,0.0,0.0
Y,1,archival-scope context,Kazakhstan,SITE0010,B7 651-1000 CE,1,719.0,STUDY004,,,,,0.0,0.0,,,,,1.0,0.0,,,0.0,,,,,,,0.0,0.0,,,,,1.0,0.0,,,0.0,,,0.0,0.0,0.0,0.0,0.0,0.0,0.0,0.0
Y,1,archival-scope context,Kazakhstan,SITE0011,B4 900-201 BCE,2,-311.5,STUDY007|STUDY015,,,,,0.0,0.0,,,,,0.7071067811865476,0.0,,,0.0,,,,,,,0.0,0.0,,,,,0.5,0.0,,,0.0,,,0.7071067811865476,0.0,0.0,0.0,0.5,0.0,0.0,0.0
Y,1,archival-scope context,Kazakhstan,SITE0011,B5 200 BCE-300 CE,2,139.5,STUDY007,,,,,0.0,0.0,,,,,0.0,0.0,,,0.0,,,,,,,0.0,0.0,,,,,0.0,0.0,,,0.0,,,1.0,0.0,0.0,0.0,1.0,0.0,0.0,0.0
Y,1,archival-scope context,Kazakhstan,SITE0011,B6 301-650 CE,3,326.0,STUDY007,,,,,0.0,0.0,,,,,0.5773502691896257,0.0,,,0.0,,,,,,,0.0,0.0,,,,,0.3333333333333333,0.0,,,0.0,,,0.816496580927726,0.0,0.0,0.0,0.6666666666666666,0.0,0.0,0.0
Y,1,archival-scope context,Kazakhstan,SITE0013,B5 200 BCE-300 CE,1,-173.0,STUDY007,,,,,0.0,0.0,,,,,1.0,0.0,,,0.0,,,,,,,0.0,0.0,,,,,1.0,0.0,,,0.0,,,0.0,0.0,0.0,0.0,0.0,0.0,0.0,0.0
Y,1,archival-scope context,Kazakhstan,SITE0014,B4 900-201 BCE,2,-515.0,STUDY004|STUDY007,,,,,0.0,0.0,,,,,0.7071067811865476,0.0,,,0.0,,,,,,,0.0,0.0,,,,,0.5,0.0,,,0.0,,,0.7071067811865476,0.0,0.0,0.0,0.5,0.0,0.0,0.0
Y,1,archival-scope context,Kazakhstan,SITE0015,B4 900-201 BCE,2,-496.0,STUDY007,,,,,0.0,0.7071067811865476,,,,,0.7071067811865476,0.0,,,0.0,,,,,,,0.0,0.5,,,,,0.5,0.0,,,0.0,,,0.0,0.0,0.0,0.0,0.0,0.0,0.0,0.0
Y,1,archival-scope context,Kazakhstan,SITE0018,B1 3500-2501 BCE,2,-3290.0,STUDY005,,,,,0.0,0.0,,,,,0.7071067811865476,0.0,,,0.7071067811865476,,,,,,,0.0,0.0,,,,,0.5,0.0,,,0.5,,,0.0,0.0,0.0,0.0,0.0,0.0,0.0,0.0
Y,1,archival-scope context,Kazakhstan,SITE0019,B6 301-650 CE,1,600.0,STUDY004,,,,,0.0,0.0,,,,,0.0,1.0,,,0.0,,,,,,,0.0,0.0,,,,,0.0,1.0,,,0.0,,,0.0,0.0,0.0,0.0,0.0,0.0,0.0,0.0
Y,1,archival-scope context,Kazakhstan,SITE0019,B7 651-1000 CE,3,936.0,STUDY004,,,,,1.0,0.0,,,,,0.0,0.0,,,0.0,,,,,,,1.0,0.0,,,,,0.0,0.0,,,0.0,,,0.0,0.0,0.0,0.0,0.0,0.0,0.0,0.0
Y,1,archival-scope context,Kazakhstan,SITE0019,B8 1001-1500 CE,1,1067.0,STUDY004,,,,,1.0,0.0,,,,,0.0,0.0,,,0.0,,,,,,,1.0,0.0,,,,,0.0,0.0,,,0.0,,,0.0,0.0,0.0,0.0,0.0,0.0,0.0,0.0
Y,1,archival-scope context,Kazakhstan,SITE0021,B4 900-201 BCE,1,-604.0,STUDY012,,,,,0.0,0.0,,,,,1.0,0.0,,,0.0,,,,,,,0.0,0.0,,,,,1.0,0.0,,,0.0,,,0.0,0.0,0.0,0.0,0.0,0.0,0.0,0.0
Y,1,archival-scope context,Kazakhstan,SITE0022,B4 900-201 BCE,1,-450.0,STUDY007,,,,,0.0,0.0,,,,,1.0,0.0,,,0.0,,,,,,,0.0,0.0,,,,,1.0,0.0,,,0.0,,,0.0,0.0,0.0,0.0,0.0,0.0,0.0,0.0
Y,1,archival-scope context,Kazakhstan,SITE0023,B3 1800-901 BCE,1,-1718.0,STUDY012,,,,,0.0,0.0,,,,,1.0,0.0,,,0.0,,,,,,,0.0,0.0,,,,,1.0,0.0,,,0.0,,,0.0,0.0,0.0,0.0,0.0,0.0,0.0,0.0
Y,1,archival-scope context,Kazakhstan,SITE0024,B4 900-201 BCE,1,-662.0,STUDY007,,,,,0.0,0.0,,,,,1.0,0.0,,,0.0,,,,,,,0.0,0.0,,,,,1.0,0.0,,,0.0,,,0.0,0.0,0.0,0.0,0.0,0.0,0.0,0.0
Y,1,archival-scope context,Kazakhstan,SITE0025,B3 1800-901 BCE,1,-1734.0,STUDY012,,,,,0.0,0.0,,,,,1.0,0.0,,,0.0,,,,,,,0.0,0.0,,,,,1.0,0.0,,,0.0,,,0.0,0.0,0.0,0.0,0.0,0.0,0.0,0.0
Y,1,archival-scope context,Kazakhstan,SITE0025,B5 200 BCE-300 CE,1,227.0,STUDY012,,,,,0.0,0.0,,,,,1.0,0.0,,,0.0,,,,,,,0.0,0.0,,,,,1.0,0.0,,,0.0,,,0.0,0.0,0.0,0.0,0.0,0.0,0.0,0.0
Y,1,archival-scope context,Kazakhstan,SITE0026,B6 301-650 CE,1,354.0,STUDY004,,,,,0.0,0.0,,,,,0.0,0.0,,,1.0,,,,,,,0.0,0.0,,,,,0.0,0.0,,,1.0,,,0.0,0.0,0.0,0.0,0.0,0.0,0.0,0.0
Y,1,archival-scope context,Kazakhstan,SITE0029,B7 651-1000 CE,1,691.0,STUDY004,,,,,0.0,0.0,,,,,1.0,0.0,,,0.0,,,,,,,0.0,0.0,,,,,1.0,0.0,,,0.0,,,0.0,0.0,0.0,0.0,0.0,0.0,0.0,0.0
Y,1,archival-scope context,Kazakhstan,SITE0031,B6 301-650 CE,1,442.0,STUDY004,,,,,0.0,0.0,,,,,1.0,0.0,,,0.0,,,,,,,0.0,0.0,,,,,1.0,0.0,,,0.0,,,0.0,0.0,0.0,0.0,0.0,0.0,0.0,0.0
Y,1,archival-scope context,Kazakhstan,SITE0032,B7 651-1000 CE,1,705.0,STUDY004,,,,,1.0,0.0,,,,,0.0,0.0,,,0.0,,,,,,,1.0,0.0,,,,,0.0,0.0,,,0.0,,,0.0,0.0,0.0,0.0,0.0,0.0,0.0,0.0
Y,1,archival-scope context,Kazakhstan,SITE0033,B4 900-201 BCE,1,-653.0,STUDY015,,,,,0.0,0.0,,,,,0.0,0.0,,,0.0,,,,,,,0.0,0.0,,,,,0.0,0.0,,,0.0,,,1.0,0.0,0.0,0.0,1.0,0.0,0.0,0.0
Y,1,archival-scope context,Kazakhstan,SITE0035,B3 1800-901 BCE,2,-1678.5,STUDY012,,,,,0.0,0.0,,,,,1.0,0.0,,,0.0,,,,,,,0.0,0.0,,,,,1.0,0.0,,,0.0,,,0.0,0.0,0.0,0.0,0.0,0.0,0.0,0.0
Y,1,archival-scope context,Kazakhstan,SITE0036,B2 2500-1801 BCE,1,-2092.0,STUDY012,,,,,0.0,1.0,,,,,0.0,0.0,,,0.0,,,,,,,0.0,1.0,,,,,0.0,0.0,,,0.0,,,0.0,0.0,0.0,0.0,0.0,0.0,0.0,0.0
Y,1,archival-scope context,Kazakhstan,SITE0037,B1 3500-2501 BCE,1,-2940.0,STUDY005,,,,,0.0,0.0,,,,,1.0,0.0,,,0.0,,,,,,,0.0,0.0,,,,,1.0,0.0,,,0.0,,,0.0,0.0,0.0,0.0,0.0,0.0,0.0,0.0
Y,1,archival-scope context,Kazakhstan,SITE0038,B3 1800-901 BCE,3,-1704.3333333333333,STUDY012,,,,,0.0,0.0,,,,,1.0,0.0,,,0.0,,,,,,,0.0,0.0,,,,,1.0,0.0,,,0.0,,,0.0,0.0,0.0,0.0,0.0,0.0,0.0,0.0
Y,1,archival-scope context,Kazakhstan,SITE0039,B7 651-1000 CE,2,770.5,STUDY007,,,,,0.7071067811865476,0.0,,,,,0.7071067811865476,0.0,,,0.0,,,,,,,0.5,0.0,,,,,0.5,0.0,,,0.0,,,0.0,0.0,0.0,0.0,0.0,0.0,0.0,0.0
Y,1,archival-scope context,Kazakhstan,SITE0040,B4 900-201 BCE,1,-600.0,STUDY007,,,,,0.0,0.0,,,,,1.0,0.0,,,0.0,,,,,,,0.0,0.0,,,,,1.0,0.0,,,0.0,,,0.0,0.0,0.0,0.0,0.0,0.0,0.0,0.0
Y,1,archival-scope context,Kazakhstan,SITE0041,B4 900-201 BCE,1,-347.0,STUDY007,,,,,0.0,0.0,,,,,0.0,0.0,,,0.0,,,,,,,0.0,0.0,,,,,0.0,0.0,,,0.0,,,1.0,0.0,0.0,0.0,1.0,0.0,0.0,0.0
Y,1,archival-scope context,Kazakhstan,SITE0042,B4 900-201 BCE,1,-600.0,STUDY007,,,,,0.0,0.0,,,,,1.0,0.0,,,0.0,,,,,,,0.0,0.0,,,,,1.0,0.0,,,0.0,,,0.0,0.0,0.0,0.0,0.0,0.0,0.0,0.0
Y,1,archival-scope context,Kazakhstan,SITE0043,B4 900-201 BCE,1,-607.0,STUDY007,,,,,0.0,0.0,,,,,1.0,0.0,,,0.0,,,,,,,0.0,0.0,,,,,1.0,0.0,,,0.0,,,0.0,0.0,0.0,0.0,0.0,0.0,0.0,0.0
Y,1,archival-scope context,Kazakhstan,SITE0044,B8 1001-1500 CE,2,1400.0,STUDY004,,,,,0.0,0.7071067811865476,,,,,0.7071067811865476,0.0,,,0.0,,,,,,,0.0,0.5,,,,,0.5,0.0,,,0.0,,,0.0,0.0,0.0,0.0,0.0,0.0,0.0,0.0
Y,1,archival-scope context,Kazakhstan,SITE0045,B4 900-201 BCE,1,-681.0,STUDY004,,,,,0.0,0.0,,,,,0.0,0.0,,,0.0,,,,,,,0.0,0.0,,,,,0.0,0.0,,,0.0,,,0.0,0.0,1.0,0.0,0.0,0.0,1.0,0.0
Y,1,archival-scope context,Kazakhstan,SITE0046,B4 900-201 BCE,1,-613.0,STUDY004,,,,,0.0,0.0,,,,,0.0,0.0,,,0.0,,,,,,,0.0,0.0,,,,,0.0,0.0,,,0.0,,,1.0,0.0,0.0,0.0,1.0,0.0,0.0,0.0
Y,1,archival-scope context,Kazakhstan,SITE0047,B4 900-201 BCE,1,-291.0,STUDY007,,,,,0.0,0.0,,,,,0.0,0.0,,,0.0,,,,,,,0.0,0.0,,,,,0.0,0.0,,,0.0,,,0.0,1.0,0.0,0.0,0.0,1.0,0.0,0.0
Y,1,archival-scope context,Kazakhstan,SITE0048,B4 900-201 BCE,2,-552.0,STUDY007,,,,,0.0,0.0,,,,,1.0,0.0,,,0.0,,,,,,,0.0,0.0,,,,,1.0,0.0,,,0.0,,,0.0,0.0,0.0,0.0,0.0,0.0,0.0,0.0
Y,1,archival-scope context,Kazakhstan,SITE0049,B7 651-1000 CE,1,900.0,STUDY007,,,,,0.0,1.0,,,,,0.0,0.0,,,0.0,,,,,,,0.0,1.0,,,,,0.0,0.0,,,0.0,,,0.0,0.0,0.0,0.0,0.0,0.0,0.0,0.0
Y,1,archival-scope context,Kazakhstan,SITE0050,B5 200 BCE-300 CE,1,185.0,STUDY004,,,,,0.0,0.0,,,,,1.0,0.0,,,0.0,,,,,,,0.0,0.0,,,,,1.0,0.0,,,0.0,,,0.0,0.0,0.0,0.0,0.0,0.0,0.0,0.0
Y,1,archival-scope context,Kazakhstan,SITE0051,B4 900-201 BCE,1,-350.0,STUDY007,,,,,0.0,0.0,,,,,1.0,0.0,,,0.0,,,,,,,0.0,0.0,,,,,1.0,0.0,,,0.0,,,0.0,0.0,0.0,0.0,0.0,0.0,0.0,0.0
Y,1,archival-scope context,Kazakhstan,SITE0052,B3 1800-901 BCE,2,-1520.0,STUDY012,,,,,0.0,0.0,,,,,1.0,0.0,,,0.0,,,,,,,0.0,0.0,,,,,1.0,0.0,,,0.0,,,0.0,0.0,0.0,0.0,0.0,0.0,0.0,0.0
Y,1,archival-scope context,Kazakhstan,SITE0053,B5 200 BCE-300 CE,1,51.0,STUDY004,,,,,0.0,0.0,,,,,1.0,0.0,,,0.0,,,,,,,0.0,0.0,,,,,1.0,0.0,,,0.0,,,0.0,0.0,0.0,0.0,0.0,0.0,0.0,0.0
Y,1,archival-scope context,Kazakhstan,SITE0054,B5 200 BCE-300 CE,1,262.0,STUDY004,,,,,0.0,0.0,,,,,0.0,1.0,,,0.0,,,,,,,0.0,0.0,,,,,0.0,1.0,,,0.0,,,0.0,0.0,0.0,0.0,0.0,0.0,0.0,0.0
Y,1,archival-scope context,Kazakhstan,SITE0056,B5 200 BCE-300 CE,3,283.3333333333333,STUDY004|STUDY007,,,,,0.5773502691896257,0.0,,,,,0.5773502691896257,0.5773502691896257,,,0.0,,,,,,,0.3333333333333333,0.0,,,,,0.3333333333333333,0.3333333333333333,,,0.0,,,0.0,0.0,0.0,0.0,0.0,0.0,0.0,0.0
Y,1,archival-scope context,Kazakhstan,SITE0056,B6 301-650 CE,2,318.5,STUDY007,,,,,0.0,0.0,,,,,0.0,0.0,,,0.0,,,,,,,0.0,0.0,,,,,0.0,0.0,,,0.0,,,0.0,0.0,0.7071067811865476,0.7071067811865476,0.0,0.0,0.5,0.5
Y,1,archival-scope context,Kazakhstan,SITE0058,B1 3500-2501 BCE,5,-2953.6,STUDY011|STUDY012,,,,,0.0,0.0,,,,,0.6324555320336759,0.0,,,0.0,,,,,,,0.0,0.0,,,,,0.4,0.0,,,0.0,,,0.7745966692414834,0.0,0.0,0.0,0.6,0.0,0.0,0.0
Y,1,archival-scope context,Kazakhstan,SITE0059,B6 301-650 CE,1,398.0,STUDY007,,,,,0.0,0.0,,,,,1.0,0.0,,,0.0,,,,,,,0.0,0.0,,,,,1.0,0.0,,,0.0,,,0.0,0.0,0.0,0.0,0.0,0.0,0.0,0.0
Y,1,archival-scope context,Kazakhstan,SITE0060,B4 900-201 BCE,1,-587.0,STUDY007,,,,,0.0,0.0,,,,,0.0,0.0,,,0.0,,,,,,,0.0,0.0,,,,,0.0,0.0,,,0.0,,,1.0,0.0,0.0,0.0,1.0,0.0,0.0,0.0
Y,1,archival-scope context,Kazakhstan,SITE0062,B3 1800-901 BCE,1,-1558.0,STUDY001,,,,,0.0,0.0,,,,,0.0,0.0,,,0.0,,,,,,,0.0,0.0,,,,,0.0,0.0,,,0.0,,,1.0,0.0,0.0,0.0,1.0,0.0,0.0,0.0
Y,1,archival-scope context,Kazakhstan,SITE0063,B4 900-201 BCE,1,-383.0,STUDY004,,,,,0.0,0.0,,,,,1.0,0.0,,,0.0,,,,,,,0.0,0.0,,,,,1.0,0.0,,,0.0,,,0.0,0.0,0.0,0.0,0.0,0.0,0.0,0.0
Y,1,archival-scope context,Kazakhstan,SITE0064,B4 900-201 BCE,1,-525.0,STUDY007,,,,,0.0,0.0,,,,,1.0,0.0,,,0.0,,,,,,,0.0,0.0,,,,,1.0,0.0,,,0.0,,,0.0,0.0,0.0,0.0,0.0,0.0,0.0,0.0
Y,1,archival-scope context,Kazakhstan,SITE0066,B8 1001-1500 CE,1,1110.0,STUDY004,,,,,0.0,1.0,,,,,0.0,0.0,,,0.0,,,,,,,0.0,1.0,,,,,0.0,0.0,,,0.0,,,0.0,0.0,0.0,0.0,0.0,0.0,0.0,0.0
Y,1,archival-scope context,Kazakhstan,SITE0067,B3 1800-901 BCE,3,-1742.6666666666667,STUDY012,,,,,0.0,0.0,,,,,1.0,0.0,,,0.0,,,,,,,0.0,0.0,,,,,1.0,0.0,,,0.0,,,0.0,0.0,0.0,0.0,0.0,0.0,0.0,0.0
Y,1,archival-scope context,Kazakhstan,SITE0069,B4 900-201 BCE,1,-550.0,STUDY007,,,,,1.0,0.0,,,,,0.0,0.0,,,0.0,,,,,,,1.0,0.0,,,,,0.0,0.0,,,0.0,,,0.0,0.0,0.0,0.0,0.0,0.0,0.0,0.0
Y,1,archival-scope context,Kazakhstan,SITE0070,B2 2500-1801 BCE,2,-2237.0,STUDY012,,,,,0.0,0.0,,,,,0.0,0.0,,,1.0,,,,,,,0.0,0.0,,,,,0.0,0.0,,,1.0,,,0.0,0.0,0.0,0.0,0.0,0.0,0.0,0.0
Y,1,archival-scope context,Kazakhstan,SITE0073,B5 200 BCE-300 CE,1,2.0,STUDY004,,,,,0.0,0.0,,,,,0.0,1.0,,,0.0,,,,,,,0.0,0.0,,,,,0.0,1.0,,,0.0,,,0.0,0.0,0.0,0.0,0.0,0.0,0.0,0.0
Y,1,archival-scope context,Kazakhstan,SITE0074,B4 900-201 BCE,1,-603.0,STUDY004,,,,,0.0,0.0,,,,,1.0,0.0,,,0.0,,,,,,,0.0,0.0,,,,,1.0,0.0,,,0.0,,,0.0,0.0,0.0,0.0,0.0,0.0,0.0,0.0
Y,1,archival-scope context,Kazakhstan,SITE0075,B8 1001-1500 CE,1,1100.0,STUDY004,,,,,0.0,0.0,,,,,0.0,1.0,,,0.0,,,,,,,0.0,0.0,,,,,0.0,1.0,,,0.0,,,0.0,0.0,0.0,0.0,0.0,0.0,0.0,0.0
Y,1,archival-scope context,Kazakhstan,SITE0076,B4 900-201 BCE,2,-473.0,STUDY007|STUDY009,,,,,0.0,0.0,,,,,0.7071067811865476,0.0,,,0.0,,,,,,,0.0,0.0,,,,,0.5,0.0,,,0.0,,,0.0,0.7071067811865476,0.0,0.0,0.0,0.5,0.0,0.0
Y,1,archival-scope context,Kazakhstan,SITE0077,B4 900-201 BCE,1,-271.0,STUDY004,,,,,0.0,0.0,,,,,1.0,0.0,,,0.0,,,,,,,0.0,0.0,,,,,1.0,0.0,,,0.0,,,0.0,0.0,0.0,0.0,0.0,0.0,0.0,0.0
Y,1,archival-scope context,Kazakhstan,SITE0078,B3 1800-901 BCE,4,-1553.25,STUDY012,,,,,0.0,0.0,,,,,1.0,0.0,,,0.0,,,,,,,0.0,0.0,,,,,1.0,0.0,,,0.0,,,0.0,0.0,0.0,0.0,0.0,0.0,0.0,0.0
Y,1,archival-scope context,Kazakhstan,SITE0080,B3 1800-901 BCE,1,-1765.0,STUDY012,,,,,0.0,0.0,,,,,1.0,0.0,,,0.0,,,,,,,0.0,0.0,,,,,1.0,0.0,,,0.0,,,0.0,0.0,0.0,0.0,0.0,0.0,0.0,0.0
Y,1,archival-scope context,Kazakhstan,SITE0083,B4 900-201 BCE,1,-274.0,STUDY004,,,,,0.0,0.0,,,,,0.0,0.0,,,0.0,,,,,,,0.0,0.0,,,,,0.0,0.0,,,0.0,,,1.0,0.0,0.0,0.0,1.0,0.0,0.0,0.0
Y,1,archival-scope context,Kazakhstan,SITE0085,B3 1800-901 BCE,2,-1496.5,STUDY012,,,,,0.0,0.0,,,,,1.0,0.0,,,0.0,,,,,,,0.0,0.0,,,,,1.0,0.0,,,0.0,,,0.0,0.0,0.0,0.0,0.0,0.0,0.0,0.0
Y,1,archival-scope context,Kazakhstan,SITE0088,B2 2500-1801 BCE,1,-2235.0,STUDY003,,,,,0.0,0.0,,,,,0.0,0.0,,,1.0,,,,,,,0.0,0.0,,,,,0.0,0.0,,,1.0,,,0.0,0.0,0.0,0.0,0.0,0.0,0.0,0.0
Y,1,archival-scope context,Kazakhstan,SITE0088,B4 900-201 BCE,1,-354.0,STUDY003,,,,,0.0,0.0,,,,,0.0,0.0,,,0.0,,,,,,,0.0,0.0,,,,,0.0,0.0,,,0.0,,,1.0,0.0,0.0,0.0,1.0,0.0,0.0,0.0
Y,1,archival-scope context,Kazakhstan,SITE0092,B7 651-1000 CE,2,887.0,STUDY004,,,,,0.0,0.0,,,,,1.0,0.0,,,0.0,,,,,,,0.0,0.0,,,,,1.0,0.0,,,0.0,,,0.0,0.0,0.0,0.0,0.0,0.0,0.0,0.0
Y,1,archival-scope context,Kazakhstan,SITE0094,B4 900-201 BCE,4,-627.75,STUDY004|STUDY007|STUDY009,,,,,0.0,0.5,,,,,0.8660254037844386,0.0,,,0.0,,,,,,,0.0,0.25,,,,,0.75,0.0,,,0.0,,,0.0,0.0,0.0,0.0,0.0,0.0,0.0,0.0
Y,1,archival-scope context,Kazakhstan,SITE0095,B3 1800-901 BCE,2,-1383.0,STUDY012,,,,,0.7071067811865476,0.0,,,,,0.7071067811865476,0.0,,,0.0,,,,,,,0.5,0.0,,,,,0.5,0.0,,,0.0,,,0.0,0.0,0.0,0.0,0.0,0.0,0.0,0.0
Y,1,archival-scope context,Kazakhstan,SITE0099,B4 900-201 BCE,2,-306.0,STUDY004,,,,,0.0,0.0,,,,,0.7071067811865476,0.0,,,0.7071067811865476,,,,,,,0.0,0.0,,,,,0.5,0.0,,,0.5,,,0.0,0.0,0.0,0.0,0.0,0.0,0.0,0.0
Y,1,archival-scope context,Kazakhstan,SITE0100,B2 2500-1801 BCE,1,-2018.0,STUDY012,,,,,0.0,0.0,,,,,1.0,0.0,,,0.0,,,,,,,0.0,0.0,,,,,1.0,0.0,,,0.0,,,0.0,0.0,0.0,0.0,0.0,0.0,0.0,0.0
Y,1,archival-scope context,Kazakhstan,SITE0100,B3 1800-901 BCE,6,-1150.6666666666667,STUDY012,,,,,0.0,0.0,,,,,0.9128709291752769,0.0,,,0.0,,,,,,,0.0,0.0,,,,,0.8333333333333334,0.0,,,0.0,,,0.408248290463863,0.0,0.0,0.0,0.16666666666666666,0.0,0.0,0.0
Y,1,archival-scope context,Kyrgyzstan,SITE0101,B5 200 BCE-300 CE,3,243.66666666666666,STUDY007,,,,,0.0,0.0,,,,,0.5773502691896257,0.0,,,0.0,,,,,,,0.0,0.0,,,,,0.3333333333333333,0.0,,,0.0,,,0.5773502691896257,0.0,0.5773502691896257,0.0,0.3333333333333333,0.0,0.3333333333333333,0.0
Y,1,archival-scope context,Kyrgyzstan,SITE0101,B6 301-650 CE,3,335.0,STUDY007,,,,,0.0,0.0,,,,,0.5773502691896257,0.0,,,0.0,,,,,,,0.0,0.0,,,,,0.3333333333333333,0.0,,,0.0,,,0.5773502691896257,0.5773502691896257,0.0,0.0,0.3333333333333333,0.3333333333333333,0.0,0.0
Y,1,archival-scope context,Kyrgyzstan,SITE0102,B2 2500-1801 BCE,2,-2061.0,STUDY012,,,,,0.7071067811865476,0.0,,,,,0.0,0.0,,,0.0,,,,,,,0.5,0.0,,,,,0.0,0.0,,,0.0,,,0.7071067811865476,0.0,0.0,0.0,0.5,0.0,0.0,0.0
Y,1,archival-scope context,Kyrgyzstan,SITE0103,B4 900-201 BCE,3,-250.0,STUDY013,,,,,0.0,0.0,,,,,1.0,0.0,,,0.0,,,,,,,0.0,0.0,,,,,1.0,0.0,,,0.0,,,0.0,0.0,0.0,0.0,0.0,0.0,0.0,0.0
Y,1,archival-scope context,Kyrgyzstan,SITE0105,B7 651-1000 CE,1,821.0,STUDY007,,,,,1.0,0.0,,,,,0.0,0.0,,,0.0,,,,,,,1.0,0.0,,,,,0.0,0.0,,,0.0,,,0.0,0.0,0.0,0.0,0.0,0.0,0.0,0.0
Y,1,archival-scope context,Kyrgyzstan,SITE0106,B5 200 BCE-300 CE,2,289.0,STUDY004,,,,,0.0,0.0,,,,,0.7071067811865476,0.0,,,0.0,,,,,,,0.0,0.0,,,,,0.5,0.0,,,0.0,,,0.0,0.0,0.0,0.7071067811865476,0.0,0.0,0.0,0.5
Y,1,archival-scope context,Kyrgyzstan,SITE0107,B5 200 BCE-300 CE,2,248.5,STUDY004,,,,,0.0,0.0,,,,,0.7071067811865476,0.0,,,0.0,,,,,,,0.0,0.0,,,,,0.5,0.0,,,0.0,,,0.7071067811865476,0.0,0.0,0.0,0.5,0.0,0.0,0.0
Y,1,archival-scope context,Kyrgyzstan,SITE0107,B6 301-650 CE,2,338.5,STUDY004,,,,,0.0,0.0,,,,,0.7071067811865476,0.0,,,0.0,,,,,,,0.0,0.0,,,,,0.5,0.0,,,0.0,,,0.7071067811865476,0.0,0.0,0.0,0.5,0.0,0.0,0.0
Y,1,archival-scope context,Kyrgyzstan,SITE0108,B8 1001-1500 CE,1,1338.0,STUDY014,,,,,0.0,0.0,,,,,0.0,0.0,,,0.0,,,,,,,0.0,0.0,,,,,0.0,0.0,,,0.0,,,1.0,0.0,0.0,0.0,1.0,0.0,0.0,0.0
Y,1,archival-scope context,Kyrgyzstan,SITE0109,B4 900-201 BCE,1,-252.0,STUDY007,,,,,1.0,0.0,,,,,0.0,0.0,,,0.0,,,,,,,1.0,0.0,,,,,0.0,0.0,,,0.0,,,0.0,0.0,0.0,0.0,0.0,0.0,0.0,0.0
Y,1,archival-scope context,Kyrgyzstan,SITE0110,B4 900-201 BCE,1,-201.0,STUDY007,,,,,0.0,0.0,,,,,1.0,0.0,,,0.0,,,,,,,0.0,0.0,,,,,1.0,0.0,,,0.0,,,0.0,0.0,0.0,0.0,0.0,0.0,0.0,0.0
Y,1,archival-scope context,Kyrgyzstan,SITE0112,B6 301-650 CE,4,434.5,STUDY004,,,,,0.0,0.0,,,,,0.5,0.0,,,0.0,,,,,,,0.0,0.0,,,,,0.25,0.0,,,0.0,,,0.7071067811865476,0.0,0.5,0.0,0.5,0.0,0.25,0.0
Y,1,archival-scope context,Kyrgyzstan,SITE0113,B5 200 BCE-300 CE,3,-141.33333333333334,STUDY004,,,,,1.0,0.0,,,,,0.0,0.0,,,0.0,,,,,,,1.0,0.0,,,,,0.0,0.0,,,0.0,,,0.0,0.0,0.0,0.0,0.0,0.0,0.0,0.0
Y,1,archival-scope context,Kyrgyzstan,SITE0114,B6 301-650 CE,1,489.0,STUDY004,,,,,0.0,0.0,,,,,0.0,0.0,,,0.0,,,,,,,0.0,0.0,,,,,0.0,0.0,,,0.0,,,1.0,0.0,0.0,0.0,1.0,0.0,0.0,0.0
Y,1,archival-scope context,Kyrgyzstan,SITE0114,B8 1001-1500 CE,1,1215.0,STUDY004,,,,,0.0,1.0,,,,,0.0,0.0,,,0.0,,,,,,,0.0,1.0,,,,,0.0,0.0,,,0.0,,,0.0,0.0,0.0,0.0,0.0,0.0,0.0,0.0
Y,1,archival-scope context,Kyrgyzstan,SITE0115,B4 900-201 BCE,3,-262.6666666666667,STUDY004,,,,,0.0,0.0,,,,,1.0,0.0,,,0.0,,,,,,,0.0,0.0,,,,,1.0,0.0,,,0.0,,,0.0,0.0,0.0,0.0,0.0,0.0,0.0,0.0
Y,1,archival-scope context,Kyrgyzstan,SITE0115,B5 200 BCE-300 CE,2,-69.5,STUDY004,,,,,0.0,0.0,,,,,0.7071067811865476,0.0,,,0.0,,,,,,,0.0,0.0,,,,,0.5,0.0,,,0.0,,,0.7071067811865476,0.0,0.0,0.0,0.5,0.0,0.0,0.0
Y,1,archival-scope context,Kyrgyzstan,SITE0115,B6 301-650 CE,2,417.0,STUDY004,,,,,0.0,0.0,,,,,0.7071067811865476,0.0,,,0.0,,,,,,,0.0,0.0,,,,,0.5,0.0,,,0.0,,,0.7071067811865476,0.0,0.0,0.0,0.5,0.0,0.0,0.0
Y,1,archival-scope context,Kyrgyzstan,SITE0116,B5 200 BCE-300 CE,1,-93.0,STUDY004,,,,,0.0,0.0,,,,,1.0,0.0,,,0.0,,,,,,,0.0,0.0,,,,,1.0,0.0,,,0.0,,,0.0,0.0,0.0,0.0,0.0,0.0,0.0,0.0
Y,1,archival-scope context,Tajikistan,SITE0118,B2 2500-1801 BCE,1,-2500.0,STUDY012,,,,,0.0,0.0,,,,,0.0,0.0,,,0.0,,,,,,,0.0,0.0,,,,,0.0,0.0,,,0.0,,,0.0,0.0,1.0,0.0,0.0,0.0,1.0,0.0
Y,1,archival-scope context,Tajikistan,SITE0119,B5 200 BCE-300 CE,4,-61.25,STUDY012,,,,,0.0,0.0,,,,,0.7071067811865476,0.7071067811865476,,,0.0,,,,,,,0.0,0.0,,,,,0.5,0.5,,,0.0,,,0.0,0.0,0.0,0.0,0.0,0.0,0.0,0.0
Y,1,archival-scope context,Turkmenistan,SITE0121,B1 3500-2501 BCE,10,-3108.7,STUDY005|STUDY012,,,,,0.8944271909999159,0.0,,,,,0.31622776601683794,0.31622776601683794,,,0.0,,,,,,,0.8,0.0,,,,,0.1,0.1,,,0.0,,,0.0,0.0,0.0,0.0,0.0,0.0,0.0,0.0
Y,1,archival-scope context,Turkmenistan,SITE0122,B2 2500-1801 BCE,12,-2112.0,STUDY012,,,,,0.5773502691896257,0.0,,,,,0.28867513459481287,0.5,,,0.0,,,,,,,0.3333333333333333,0.0,,,,,0.08333333333333333,0.25,,,0.0,,,0.0,0.5,0.28867513459481287,0.0,0.0,0.25,0.08333333333333333,0.0
Y,1,archival-scope context,Turkmenistan,SITE0123,B1 3500-2501 BCE,1,-3210.0,STUDY005,,,,,1.0,0.0,,,,,0.0,0.0,,,0.0,,,,,,,1.0,0.0,,,,,0.0,0.0,,,0.0,,,0.0,0.0,0.0,0.0,0.0,0.0,0.0,0.0
Y,1,archival-scope context,Turkmenistan,SITE0125,B3 1800-901 BCE,1,-1300.0,STUDY012,,,,,0.0,0.0,,,,,1.0,0.0,,,0.0,,,,,,,0.0,0.0,,,,,1.0,0.0,,,0.0,,,0.0,0.0,0.0,0.0,0.0,0.0,0.0,0.0
Y,1,archival-scope context,Turkmenistan,SITE0126,B4 900-201 BCE,1,-852.0,STUDY005,,,,,0.0,0.0,,,,,1.0,0.0,,,0.0,,,,,,,0.0,0.0,,,,,1.0,0.0,,,0.0,,,0.0,0.0,0.0,0.0,0.0,0.0,0.0,0.0
Y,1,archival-scope context,Turkmenistan,SITE0127,B1 3500-2501 BCE,2,-3500.0,STUDY012,,,,,0.0,0.0,,,,,1.0,0.0,,,0.0,,,,,,,0.0,0.0,,,,,1.0,0.0,,,0.0,,,0.0,0.0,0.0,0.0,0.0,0.0,0.0,0.0
Y,1,archival-scope context,Uzbekistan,SITE0129,B3 1800-901 BCE,2,-1100.0,STUDY012,,,,,0.0,0.0,,,,,1.0,0.0,,,0.0,,,,,,,0.0,0.0,,,,,1.0,0.0,,,0.0,,,0.0,0.0,0.0,0.0,0.0,0.0,0.0,0.0
Y,1,archival-scope context,Uzbekistan,SITE0130,B1 3500-2501 BCE,1,-3149.0,STUDY001,,,,,1.0,0.0,,,,,0.0,0.0,,,0.0,,,,,,,1.0,0.0,,,,,0.0,0.0,,,0.0,,,0.0,0.0,0.0,0.0,0.0,0.0,0.0,0.0
Y,1,archival-scope context,Uzbekistan,SITE0130,B3 1800-901 BCE,8,-1521.0,STUDY012,,,,,0.7071067811865476,0.0,,,,,0.3535533905932738,0.3535533905932738,,,0.0,,,,,,,0.5,0.0,,,,,0.125,0.125,,,0.0,,,0.0,0.3535533905932738,0.0,0.3535533905932738,0.0,0.125,0.0,0.125
Y,1,archival-scope context,Uzbekistan,SITE0132,B3 1800-901 BCE,1,-1511.0,STUDY001,,,,,0.0,0.0,,,,,1.0,0.0,,,0.0,,,,,,,0.0,0.0,,,,,1.0,0.0,,,0.0,,,0.0,0.0,0.0,0.0,0.0,0.0,0.0,0.0
Y,1,archival-scope context,Uzbekistan,SITE0133,B2 2500-1801 BCE,1,-2000.0,STUDY012,,,,,0.0,0.0,,,,,1.0,0.0,,,0.0,,,,,,,0.0,0.0,,,,,1.0,0.0,,,0.0,,,0.0,0.0,0.0,0.0,0.0,0.0,0.0,0.0
Y,1,archival-scope context,Uzbekistan,SITE0133,B3 1800-901 BCE,2,-1541.5,STUDY012,,,,,0.0,0.0,,,,,0.7071067811865476,0.0,,,0.0,,,,,,,0.0,0.0,,,,,0.5,0.0,,,0.0,,,0.7071067811865476,0.0,0.0,0.0,0.5,0.0,0.0,0.0
Y,1,archival-scope context,Uzbekistan,SITE0134,B5 200 BCE-300 CE,8,-13.75,STUDY010,,,,,0.3535533905932738,0.3535533905932738,,,,,0.5,0.0,,,0.3535533905932738,,,,,,,0.125,0.125,,,,,0.25,0.0,,,0.125,,,0.0,0.5,0.0,0.3535533905932738,0.0,0.25,0.0,0.125
Y,1,archival-scope context,Uzbekistan,SITE0135,B2 2500-1801 BCE,6,-1853.6666666666667,STUDY001|STUDY012,,,,,0.5773502691896257,0.0,,,,,0.5773502691896257,0.408248290463863,,,0.0,,,,,,,0.3333333333333333,0.0,,,,,0.3333333333333333,0.16666666666666666,,,0.0,,,0.408248290463863,0.0,0.0,0.0,0.16666666666666666,0.0,0.0,0.0
Y,1,archival-scope context,Uzbekistan,SITE0135,B3 1800-901 BCE,1,-1735.0,STUDY012,,,,,0.0,0.0,,,,,0.0,0.0,,,0.0,,,,,,,0.0,0.0,,,,,0.0,0.0,,,0.0,,,0.0,0.0,0.0,1.0,0.0,0.0,0.0,1.0
Y,1,archival-scope context,Uzbekistan,SITE0136,B6 301-650 CE,1,525.0,STUDY010,,,,,0.0,0.0,,,,,0.0,1.0,,,0.0,,,,,,,0.0,0.0,,,,,0.0,1.0,,,0.0,,,0.0,0.0,0.0,0.0,0.0,0.0,0.0,0.0
Y,2,revised primary,Kazakhstan,SITE0001,B4 900-201 BCE,3,-400.0,STUDY007,,,,,0.0,0.0,,,,,0.816496580927726,0.5773502691896257,,,0.0,,,,,,,0.0,0.0,,,,,0.6666666666666666,0.3333333333333333,,,0.0,,,0.0,0.0,0.0,0.0,0.0,0.0,0.0,0.0
Y,2,revised primary,Kazakhstan,SITE0006,B3 1800-901 BCE,4,-1577.0,STUDY001|STUDY012,,,,,0.0,0.0,,,,,1.0,0.0,,,0.0,,,,,,,0.0,0.0,,,,,1.0,0.0,,,0.0,,,0.0,0.0,0.0,0.0,0.0,0.0,0.0,0.0
Y,2,revised primary,Kazakhstan,SITE0011,B4 900-201 BCE,2,-311.5,STUDY007|STUDY015,,,,,0.0,0.0,,,,,0.7071067811865476,0.0,,,0.0,,,,,,,0.0,0.0,,,,,0.5,0.0,,,0.0,,,0.7071067811865476,0.0,0.0,0.0,0.5,0.0,0.0,0.0
Y,2,revised primary,Kazakhstan,SITE0011,B5 200 BCE-300 CE,2,139.5,STUDY007,,,,,0.0,0.0,,,,,0.0,0.0,,,0.0,,,,,,,0.0,0.0,,,,,0.0,0.0,,,0.0,,,1.0,0.0,0.0,0.0,1.0,0.0,0.0,0.0
Y,2,revised primary,Kazakhstan,SITE0011,B6 301-650 CE,3,326.0,STUDY007,,,,,0.0,0.0,,,,,0.5773502691896257,0.0,,,0.0,,,,,,,0.0,0.0,,,,,0.3333333333333333,0.0,,,0.0,,,0.816496580927726,0.0,0.0,0.0,0.6666666666666666,0.0,0.0,0.0
Y,2,revised primary,Kazakhstan,SITE0014,B4 900-201 BCE,2,-515.0,STUDY004|STUDY007,,,,,0.0,0.0,,,,,0.7071067811865476,0.0,,,0.0,,,,,,,0.0,0.0,,,,,0.5,0.0,,,0.0,,,0.7071067811865476,0.0,0.0,0.0,0.5,0.0,0.0,0.0
Y,2,revised primary,Kazakhstan,SITE0015,B4 900-201 BCE,2,-496.0,STUDY007,,,,,0.0,0.7071067811865476,,,,,0.7071067811865476,0.0,,,0.0,,,,,,,0.0,0.5,,,,,0.5,0.0,,,0.0,,,0.0,0.0,0.0,0.0,0.0,0.0,0.0,0.0
Y,2,revised primary,Kazakhstan,SITE0018,B1 3500-2501 BCE,2,-3290.0,STUDY005,,,,,0.0,0.0,,,,,0.7071067811865476,0.0,,,0.7071067811865476,,,,,,,0.0,0.0,,,,,0.5,0.0,,,0.5,,,0.0,0.0,0.0,0.0,0.0,0.0,0.0,0.0
Y,2,revised primary,Kazakhstan,SITE0019,B7 651-1000 CE,3,936.0,STUDY004,,,,,1.0,0.0,,,,,0.0,0.0,,,0.0,,,,,,,1.0,0.0,,,,,0.0,0.0,,,0.0,,,0.0,0.0,0.0,0.0,0.0,0.0,0.0,0.0
Y,2,revised primary,Kazakhstan,SITE0035,B3 1800-901 BCE,2,-1678.5,STUDY012,,,,,0.0,0.0,,,,,1.0,0.0,,,0.0,,,,,,,0.0,0.0,,,,,1.0,0.0,,,0.0,,,0.0,0.0,0.0,0.0,0.0,0.0,0.0,0.0
Y,2,revised primary,Kazakhstan,SITE0038,B3 1800-901 BCE,3,-1704.3333333333333,STUDY012,,,,,0.0,0.0,,,,,1.0,0.0,,,0.0,,,,,,,0.0,0.0,,,,,1.0,0.0,,,0.0,,,0.0,0.0,0.0,0.0,0.0,0.0,0.0,0.0
Y,2,revised primary,Kazakhstan,SITE0039,B7 651-1000 CE,2,770.5,STUDY007,,,,,0.7071067811865476,0.0,,,,,0.7071067811865476,0.0,,,0.0,,,,,,,0.5,0.0,,,,,0.5,0.0,,,0.0,,,0.0,0.0,0.0,0.0,0.0,0.0,0.0,0.0
Y,2,revised primary,Kazakhstan,SITE0044,B8 1001-1500 CE,2,1400.0,STUDY004,,,,,0.0,0.7071067811865476,,,,,0.7071067811865476,0.0,,,0.0,,,,,,,0.0,0.5,,,,,0.5,0.0,,,0.0,,,0.0,0.0,0.0,0.0,0.0,0.0,0.0,0.0
Y,2,revised primary,Kazakhstan,SITE0048,B4 900-201 BCE,2,-552.0,STUDY007,,,,,0.0,0.0,,,,,1.0,0.0,,,0.0,,,,,,,0.0,0.0,,,,,1.0,0.0,,,0.0,,,0.0,0.0,0.0,0.0,0.0,0.0,0.0,0.0
Y,2,revised primary,Kazakhstan,SITE0052,B3 1800-901 BCE,2,-1520.0,STUDY012,,,,,0.0,0.0,,,,,1.0,0.0,,,0.0,,,,,,,0.0,0.0,,,,,1.0,0.0,,,0.0,,,0.0,0.0,0.0,0.0,0.0,0.0,0.0,0.0
Y,2,revised primary,Kazakhstan,SITE0056,B5 200 BCE-300 CE,3,283.3333333333333,STUDY004|STUDY007,,,,,0.5773502691896257,0.0,,,,,0.5773502691896257,0.5773502691896257,,,0.0,,,,,,,0.3333333333333333,0.0,,,,,0.3333333333333333,0.3333333333333333,,,0.0,,,0.0,0.0,0.0,0.0,0.0,0.0,0.0,0.0
Y,2,revised primary,Kazakhstan,SITE0056,B6 301-650 CE,2,318.5,STUDY007,,,,,0.0,0.0,,,,,0.0,0.0,,,0.0,,,,,,,0.0,0.0,,,,,0.0,0.0,,,0.0,,,0.0,0.0,0.7071067811865476,0.7071067811865476,0.0,0.0,0.5,0.5
Y,2,revised primary,Kazakhstan,SITE0058,B1 3500-2501 BCE,5,-2953.6,STUDY011|STUDY012,,,,,0.0,0.0,,,,,0.6324555320336759,0.0,,,0.0,,,,,,,0.0,0.0,,,,,0.4,0.0,,,0.0,,,0.7745966692414834,0.0,0.0,0.0,0.6,0.0,0.0,0.0
Y,2,revised primary,Kazakhstan,SITE0067,B3 1800-901 BCE,3,-1742.6666666666667,STUDY012,,,,,0.0,0.0,,,,,1.0,0.0,,,0.0,,,,,,,0.0,0.0,,,,,1.0,0.0,,,0.0,,,0.0,0.0,0.0,0.0,0.0,0.0,0.0,0.0
Y,2,revised primary,Kazakhstan,SITE0070,B2 2500-1801 BCE,2,-2237.0,STUDY012,,,,,0.0,0.0,,,,,0.0,0.0,,,1.0,,,,,,,0.0,0.0,,,,,0.0,0.0,,,1.0,,,0.0,0.0,0.0,0.0,0.0,0.0,0.0,0.0
Y,2,revised primary,Kazakhstan,SITE0076,B4 900-201 BCE,2,-473.0,STUDY007|STUDY009,,,,,0.0,0.0,,,,,0.7071067811865476,0.0,,,0.0,,,,,,,0.0,0.0,,,,,0.5,0.0,,,0.0,,,0.0,0.7071067811865476,0.0,0.0,0.0,0.5,0.0,0.0
Y,2,revised primary,Kazakhstan,SITE0078,B3 1800-901 BCE,4,-1553.25,STUDY012,,,,,0.0,0.0,,,,,1.0,0.0,,,0.0,,,,,,,0.0,0.0,,,,,1.0,0.0,,,0.0,,,0.0,0.0,0.0,0.0,0.0,0.0,0.0,0.0
Y,2,revised primary,Kazakhstan,SITE0085,B3 1800-901 BCE,2,-1496.5,STUDY012,,,,,0.0,0.0,,,,,1.0,0.0,,,0.0,,,,,,,0.0,0.0,,,,,1.0,0.0,,,0.0,,,0.0,0.0,0.0,0.0,0.0,0.0,0.0,0.0
Y,2,revised primary,Kazakhstan,SITE0092,B7 651-1000 CE,2,887.0,STUDY004,,,,,0.0,0.0,,,,,1.0,0.0,,,0.0,,,,,,,0.0,0.0,,,,,1.0,0.0,,,0.0,,,0.0,0.0,0.0,0.0,0.0,0.0,0.0,0.0
Y,2,revised primary,Kazakhstan,SITE0094,B4 900-201 BCE,4,-627.75,STUDY004|STUDY007|STUDY009,,,,,0.0,0.5,,,,,0.8660254037844386,0.0,,,0.0,,,,,,,0.0,0.25,,,,,0.75,0.0,,,0.0,,,0.0,0.0,0.0,0.0,0.0,0.0,0.0,0.0
Y,2,revised primary,Kazakhstan,SITE0095,B3 1800-901 BCE,2,-1383.0,STUDY012,,,,,0.7071067811865476,0.0,,,,,0.7071067811865476,0.0,,,0.0,,,,,,,0.5,0.0,,,,,0.5,0.0,,,0.0,,,0.0,0.0,0.0,0.0,0.0,0.0,0.0,0.0
Y,2,revised primary,Kazakhstan,SITE0099,B4 900-201 BCE,2,-306.0,STUDY004,,,,,0.0,0.0,,,,,0.7071067811865476,0.0,,,0.7071067811865476,,,,,,,0.0,0.0,,,,,0.5,0.0,,,0.5,,,0.0,0.0,0.0,0.0,0.0,0.0,0.0,0.0
Y,2,revised primary,Kazakhstan,SITE0100,B3 1800-901 BCE,6,-1150.6666666666667,STUDY012,,,,,0.0,0.0,,,,,0.9128709291752769,0.0,,,0.0,,,,,,,0.0,0.0,,,,,0.8333333333333334,0.0,,,0.0,,,0.408248290463863,0.0,0.0,0.0,0.16666666666666666,0.0,0.0,0.0
Y,2,revised primary,Kyrgyzstan,SITE0101,B5 200 BCE-300 CE,3,243.66666666666666,STUDY007,,,,,0.0,0.0,,,,,0.5773502691896257,0.0,,,0.0,,,,,,,0.0,0.0,,,,,0.3333333333333333,0.0,,,0.0,,,0.5773502691896257,0.0,0.5773502691896257,0.0,0.3333333333333333,0.0,0.3333333333333333,0.0
Y,2,revised primary,Kyrgyzstan,SITE0101,B6 301-650 CE,3,335.0,STUDY007,,,,,0.0,0.0,,,,,0.5773502691896257,0.0,,,0.0,,,,,,,0.0,0.0,,,,,0.3333333333333333,0.0,,,0.0,,,0.5773502691896257,0.5773502691896257,0.0,0.0,0.3333333333333333,0.3333333333333333,0.0,0.0
Y,2,revised primary,Kyrgyzstan,SITE0102,B2 2500-1801 BCE,2,-2061.0,STUDY012,,,,,0.7071067811865476,0.0,,,,,0.0,0.0,,,0.0,,,,,,,0.5,0.0,,,,,0.0,0.0,,,0.0,,,0.7071067811865476,0.0,0.0,0.0,0.5,0.0,0.0,0.0
Y,2,revised primary,Kyrgyzstan,SITE0103,B4 900-201 BCE,3,-250.0,STUDY013,,,,,0.0,0.0,,,,,1.0,0.0,,,0.0,,,,,,,0.0,0.0,,,,,1.0,0.0,,,0.0,,,0.0,0.0,0.0,0.0,0.0,0.0,0.0,0.0
Y,2,revised primary,Kyrgyzstan,SITE0106,B5 200 BCE-300 CE,2,289.0,STUDY004,,,,,0.0,0.0,,,,,0.7071067811865476,0.0,,,0.0,,,,,,,0.0,0.0,,,,,0.5,0.0,,,0.0,,,0.0,0.0,0.0,0.7071067811865476,0.0,0.0,0.0,0.5
Y,2,revised primary,Kyrgyzstan,SITE0107,B5 200 BCE-300 CE,2,248.5,STUDY004,,,,,0.0,0.0,,,,,0.7071067811865476,0.0,,,0.0,,,,,,,0.0,0.0,,,,,0.5,0.0,,,0.0,,,0.7071067811865476,0.0,0.0,0.0,0.5,0.0,0.0,0.0
Y,2,revised primary,Kyrgyzstan,SITE0107,B6 301-650 CE,2,338.5,STUDY004,,,,,0.0,0.0,,,,,0.7071067811865476,0.0,,,0.0,,,,,,,0.0,0.0,,,,,0.5,0.0,,,0.0,,,0.7071067811865476,0.0,0.0,0.0,0.5,0.0,0.0,0.0
Y,2,revised primary,Kyrgyzstan,SITE0112,B6 301-650 CE,4,434.5,STUDY004,,,,,0.0,0.0,,,,,0.5,0.0,,,0.0,,,,,,,0.0,0.0,,,,,0.25,0.0,,,0.0,,,0.7071067811865476,0.0,0.5,0.0,0.5,0.0,0.25,0.0
Y,2,revised primary,Kyrgyzstan,SITE0113,B5 200 BCE-300 CE,3,-141.33333333333334,STUDY004,,,,,1.0,0.0,,,,,0.0,0.0,,,0.0,,,,,,,1.0,0.0,,,,,0.0,0.0,,,0.0,,,0.0,0.0,0.0,0.0,0.0,0.0,0.0,0.0
Y,2,revised primary,Kyrgyzstan,SITE0115,B4 900-201 BCE,3,-262.6666666666667,STUDY004,,,,,0.0,0.0,,,,,1.0,0.0,,,0.0,,,,,,,0.0,0.0,,,,,1.0,0.0,,,0.0,,,0.0,0.0,0.0,0.0,0.0,0.0,0.0,0.0
Y,2,revised primary,Kyrgyzstan,SITE0115,B5 200 BCE-300 CE,2,-69.5,STUDY004,,,,,0.0,0.0,,,,,0.7071067811865476,0.0,,,0.0,,,,,,,0.0,0.0,,,,,0.5,0.0,,,0.0,,,0.7071067811865476,0.0,0.0,0.0,0.5,0.0,0.0,0.0
Y,2,revised primary,Kyrgyzstan,SITE0115,B6 301-650 CE,2,417.0,STUDY004,,,,,0.0,0.0,,,,,0.7071067811865476,0.0,,,0.0,,,,,,,0.0,0.0,,,,,0.5,0.0,,,0.0,,,0.7071067811865476,0.0,0.0,0.0,0.5,0.0,0.0,0.0
Y,2,revised primary,Tajikistan,SITE0119,B5 200 BCE-300 CE,4,-61.25,STUDY012,,,,,0.0,0.0,,,,,0.7071067811865476,0.7071067811865476,,,0.0,,,,,,,0.0,0.0,,,,,0.5,0.5,,,0.0,,,0.0,0.0,0.0,0.0,0.0,0.0,0.0,0.0
Y,2,revised primary,Turkmenistan,SITE0121,B1 3500-2501 BCE,10,-3108.7,STUDY005|STUDY012,,,,,0.8944271909999159,0.0,,,,,0.31622776601683794,0.31622776601683794,,,0.0,,,,,,,0.8,0.0,,,,,0.1,0.1,,,0.0,,,0.0,0.0,0.0,0.0,0.0,0.0,0.0,0.0
Y,2,revised primary,Turkmenistan,SITE0122,B2 2500-1801 BCE,12,-2112.0,STUDY012,,,,,0.5773502691896257,0.0,,,,,0.28867513459481287,0.5,,,0.0,,,,,,,0.3333333333333333,0.0,,,,,0.08333333333333333,0.25,,,0.0,,,0.0,0.5,0.28867513459481287,0.0,0.0,0.25,0.08333333333333333,0.0
Y,2,revised primary,Turkmenistan,SITE0127,B1 3500-2501 BCE,2,-3500.0,STUDY012,,,,,0.0,0.0,,,,,1.0,0.0,,,0.0,,,,,,,0.0,0.0,,,,,1.0,0.0,,,0.0,,,0.0,0.0,0.0,0.0,0.0,0.0,0.0,0.0
Y,2,revised primary,Uzbekistan,SITE0129,B3 1800-901 BCE,2,-1100.0,STUDY012,,,,,0.0,0.0,,,,,1.0,0.0,,,0.0,,,,,,,0.0,0.0,,,,,1.0,0.0,,,0.0,,,0.0,0.0,0.0,0.0,0.0,0.0,0.0,0.0
Y,2,revised primary,Uzbekistan,SITE0130,B3 1800-901 BCE,8,-1521.0,STUDY012,,,,,0.7071067811865476,0.0,,,,,0.3535533905932738,0.3535533905932738,,,0.0,,,,,,,0.5,0.0,,,,,0.125,0.125,,,0.0,,,0.0,0.3535533905932738,0.0,0.3535533905932738,0.0,0.125,0.0,0.125
Y,2,revised primary,Uzbekistan,SITE0133,B3 1800-901 BCE,2,-1541.5,STUDY012,,,,,0.0,0.0,,,,,0.7071067811865476,0.0,,,0.0,,,,,,,0.0,0.0,,,,,0.5,0.0,,,0.0,,,0.7071067811865476,0.0,0.0,0.0,0.5,0.0,0.0,0.0
Y,2,revised primary,Uzbekistan,SITE0134,B5 200 BCE-300 CE,8,-13.75,STUDY010,,,,,0.3535533905932738,0.3535533905932738,,,,,0.5,0.0,,,0.3535533905932738,,,,,,,0.125,0.125,,,,,0.25,0.0,,,0.125,,,0.0,0.5,0.0,0.3535533905932738,0.0,0.25,0.0,0.125
Y,2,revised primary,Uzbekistan,SITE0135,B2 2500-1801 BCE,6,-1853.6666666666667,STUDY001|STUDY012,,,,,0.5773502691896257,0.0,,,,,0.5773502691896257,0.408248290463863,,,0.0,,,,,,,0.3333333333333333,0.0,,,,,0.3333333333333333,0.16666666666666666,,,0.0,,,0.408248290463863,0.0,0.0,0.0,0.16666666666666666,0.0,0.0,0.0
Y,3,stringent sensitivity,Kazakhstan,SITE0001,B4 900-201 BCE,3,-400.0,STUDY007,,,,,0.0,0.0,,,,,0.816496580927726,0.5773502691896257,,,0.0,,,,,,,0.0,0.0,,,,,0.6666666666666666,0.3333333333333333,,,0.0,,,0.0,0.0,0.0,0.0,0.0,0.0,0.0,0.0
Y,3,stringent sensitivity,Kazakhstan,SITE0006,B3 1800-901 BCE,4,-1577.0,STUDY001|STUDY012,,,,,0.0,0.0,,,,,1.0,0.0,,,0.0,,,,,,,0.0,0.0,,,,,1.0,0.0,,,0.0,,,0.0,0.0,0.0,0.0,0.0,0.0,0.0,0.0
Y,3,stringent sensitivity,Kazakhstan,SITE0011,B6 301-650 CE,3,326.0,STUDY007,,,,,0.0,0.0,,,,,0.5773502691896257,0.0,,,0.0,,,,,,,0.0,0.0,,,,,0.3333333333333333,0.0,,,0.0,,,0.816496580927726,0.0,0.0,0.0,0.6666666666666666,0.0,0.0,0.0
Y,3,stringent sensitivity,Kazakhstan,SITE0019,B7 651-1000 CE,3,936.0,STUDY004,,,,,1.0,0.0,,,,,0.0,0.0,,,0.0,,,,,,,1.0,0.0,,,,,0.0,0.0,,,0.0,,,0.0,0.0,0.0,0.0,0.0,0.0,0.0,0.0
Y,3,stringent sensitivity,Kazakhstan,SITE0038,B3 1800-901 BCE,3,-1704.3333333333333,STUDY012,,,,,0.0,0.0,,,,,1.0,0.0,,,0.0,,,,,,,0.0,0.0,,,,,1.0,0.0,,,0.0,,,0.0,0.0,0.0,0.0,0.0,0.0,0.0,0.0
Y,3,stringent sensitivity,Kazakhstan,SITE0056,B5 200 BCE-300 CE,3,283.3333333333333,STUDY004|STUDY007,,,,,0.5773502691896257,0.0,,,,,0.5773502691896257,0.5773502691896257,,,0.0,,,,,,,0.3333333333333333,0.0,,,,,0.3333333333333333,0.3333333333333333,,,0.0,,,0.0,0.0,0.0,0.0,0.0,0.0,0.0,0.0
Y,3,stringent sensitivity,Kazakhstan,SITE0058,B1 3500-2501 BCE,5,-2953.6,STUDY011|STUDY012,,,,,0.0,0.0,,,,,0.6324555320336759,0.0,,,0.0,,,,,,,0.0,0.0,,,,,0.4,0.0,,,0.0,,,0.7745966692414834,0.0,0.0,0.0,0.6,0.0,0.0,0.0
Y,3,stringent sensitivity,Kazakhstan,SITE0067,B3 1800-901 BCE,3,-1742.6666666666667,STUDY012,,,,,0.0,0.0,,,,,1.0,0.0,,,0.0,,,,,,,0.0,0.0,,,,,1.0,0.0,,,0.0,,,0.0,0.0,0.0,0.0,0.0,0.0,0.0,0.0
Y,3,stringent sensitivity,Kazakhstan,SITE0078,B3 1800-901 BCE,4,-1553.25,STUDY012,,,,,0.0,0.0,,,,,1.0,0.0,,,0.0,,,,,,,0.0,0.0,,,,,1.0,0.0,,,0.0,,,0.0,0.0,0.0,0.0,0.0,0.0,0.0,0.0
Y,3,stringent sensitivity,Kazakhstan,SITE0094,B4 900-201 BCE,4,-627.75,STUDY004|STUDY007|STUDY009,,,,,0.0,0.5,,,,,0.8660254037844386,0.0,,,0.0,,,,,,,0.0,0.25,,,,,0.75,0.0,,,0.0,,,0.0,0.0,0.0,0.0,0.0,0.0,0.0,0.0
Y,3,stringent sensitivity,Kazakhstan,SITE0100,B3 1800-901 BCE,6,-1150.6666666666667,STUDY012,,,,,0.0,0.0,,,,,0.9128709291752769,0.0,,,0.0,,,,,,,0.0,0.0,,,,,0.8333333333333334,0.0,,,0.0,,,0.408248290463863,0.0,0.0,0.0,0.16666666666666666,0.0,0.0,0.0
Y,3,stringent sensitivity,Kyrgyzstan,SITE0101,B5 200 BCE-300 CE,3,243.66666666666666,STUDY007,,,,,0.0,0.0,,,,,0.5773502691896257,0.0,,,0.0,,,,,,,0.0,0.0,,,,,0.3333333333333333,0.0,,,0.0,,,0.5773502691896257,0.0,0.5773502691896257,0.0,0.3333333333333333,0.0,0.3333333333333333,0.0
Y,3,stringent sensitivity,Kyrgyzstan,SITE0101,B6 301-650 CE,3,335.0,STUDY007,,,,,0.0,0.0,,,,,0.5773502691896257,0.0,,,0.0,,,,,,,0.0,0.0,,,,,0.3333333333333333,0.0,,,0.0,,,0.5773502691896257,0.5773502691896257,0.0,0.0,0.3333333333333333,0.3333333333333333,0.0,0.0
Y,3,stringent sensitivity,Kyrgyzstan,SITE0103,B4 900-201 BCE,3,-250.0,STUDY013,,,,,0.0,0.0,,,,,1.0,0.0,,,0.0,,,,,,,0.0,0.0,,,,,1.0,0.0,,,0.0,,,0.0,0.0,0.0,0.0,0.0,0.0,0.0,0.0
Y,3,stringent sensitivity,Kyrgyzstan,SITE0112,B6 301-650 CE,4,434.5,STUDY004,,,,,0.0,0.0,,,,,0.5,0.0,,,0.0,,,,,,,0.0,0.0,,,,,0.25,0.0,,,0.0,,,0.7071067811865476,0.0,0.5,0.0,0.5,0.0,0.25,0.0
Y,3,stringent sensitivity,Kyrgyzstan,SITE0113,B5 200 BCE-300 CE,3,-141.33333333333334,STUDY004,,,,,1.0,0.0,,,,,0.0,0.0,,,0.0,,,,,,,1.0,0.0,,,,,0.0,0.0,,,0.0,,,0.0,0.0,0.0,0.0,0.0,0.0,0.0,0.0
Y,3,stringent sensitivity,Kyrgyzstan,SITE0115,B4 900-201 BCE,3,-262.6666666666667,STUDY004,,,,,0.0,0.0,,,,,1.0,0.0,,,0.0,,,,,,,0.0,0.0,,,,,1.0,0.0,,,0.0,,,0.0,0.0,0.0,0.0,0.0,0.0,0.0,0.0
Y,3,stringent sensitivity,Tajikistan,SITE0119,B5 200 BCE-300 CE,4,-61.25,STUDY012,,,,,0.0,0.0,,,,,0.7071067811865476,0.7071067811865476,,,0.0,,,,,,,0.0,0.0,,,,,0.5,0.5,,,0.0,,,0.0,0.0,0.0,0.0,0.0,0.0,0.0,0.0
Y,3,stringent sensitivity,Turkmenistan,SITE0121,B1 3500-2501 BCE,10,-3108.7,STUDY005|STUDY012,,,,,0.8944271909999159,0.0,,,,,0.31622776601683794,0.31622776601683794,,,0.0,,,,,,,0.8,0.0,,,,,0.1,0.1,,,0.0,,,0.0,0.0,0.0,0.0,0.0,0.0,0.0,0.0
Y,3,stringent sensitivity,Turkmenistan,SITE0122,B2 2500-1801 BCE,12,-2112.0,STUDY012,,,,,0.5773502691896257,0.0,,,,,0.28867513459481287,0.5,,,0.0,,,,,,,0.3333333333333333,0.0,,,,,0.08333333333333333,0.25,,,0.0,,,0.0,0.5,0.28867513459481287,0.0,0.0,0.25,0.08333333333333333,0.0
Y,3,stringent sensitivity,Uzbekistan,SITE0130,B3 1800-901 BCE,8,-1521.0,STUDY012,,,,,0.7071067811865476,0.0,,,,,0.3535533905932738,0.3535533905932738,,,0.0,,,,,,,0.5,0.0,,,,,0.125,0.125,,,0.0,,,0.0,0.3535533905932738,0.0,0.3535533905932738,0.0,0.125,0.0,0.125
Y,3,stringent sensitivity,Uzbekistan,SITE0134,B5 200 BCE-300 CE,8,-13.75,STUDY010,,,,,0.3535533905932738,0.3535533905932738,,,,,0.5,0.0,,,0.3535533905932738,,,,,,,0.125,0.125,,,,,0.25,0.0,,,0.125,,,0.0,0.5,0.0,0.3535533905932738,0.0,0.25,0.0,0.125
Y,3,stringent sensitivity,Uzbekistan,SITE0135,B2 2500-1801 BCE,6,-1853.6666666666667,STUDY001|STUDY012,,,,,0.5773502691896257,0.0,,,,,0.5773502691896257,0.408248290463863,,,0.0,,,,,,,0.3333333333333333,0.0,,,,,0.3333333333333333,0.16666666666666666,,,0.0,,,0.408248290463863,0.0,0.0,0.0,0.16666666666666666,0.0,0.0,0.0
